item_number,correct,audio_file,set_nr,target_instrument,complexity,level,with_target_in_mix,condition,time_song,song_nr,item_nr
voc_item9_set003_wot_lvl0_comp4_t68_song85,2,voc_item9_set003_wot_lvl0_comp4_t68_song85.wav,3,Lead,3,0,no,3,68,85,9
p_item238_set021_wit_lvl-15_comp3_t122_song12,1,p_item238_set021_wit_lvl-15_comp3_t122_song12.wav,21,Piano,3,-15,yes,12,122,12,238
p_item238_set021_wit_lvl-10_comp3_t122_song12,1,p_item238_set021_wit_lvl-10_comp3_t122_song12.wav,21,Piano,3,-10,yes,12,122,12,238
p_item238_set021_wit_lvl-5_comp3_t122_song12,1,p_item238_set021_wit_lvl-5_comp3_t122_song12.wav,21,Piano,3,-5,yes,12,122,12,238
p_item238_set021_wit_lvl0_comp3_t122_song12,1,p_item238_set021_wit_lvl0_comp3_t122_song12.wav,21,Piano,3,0,yes,12,122,12,238
git_item71_set021_wit_lvl-15_comp6_t122_song110,1,git_item71_set021_wit_lvl-15_comp6_t122_song110.wav,21,Guitar,6,-15,yes,6,122,110,71
git_item71_set021_wit_lvl-10_comp6_t122_song110,1,git_item71_set021_wit_lvl-10_comp6_t122_song110.wav,21,Guitar,6,-10,yes,6,122,110,71
git_item71_set021_wit_lvl-5_comp6_t122_song110,1,git_item71_set021_wit_lvl-5_comp6_t122_song110.wav,21,Guitar,6,-5,yes,6,122,110,71
git_item71_set021_wit_lvl0_comp6_t122_song110,1,git_item71_set021_wit_lvl0_comp6_t122_song110.wav,21,Guitar,6,0,yes,6,122,110,71
voc_item146_set026_wot_lvl0_comp4_t6_song65,2,voc_item146_set026_wot_lvl0_comp4_t6_song65.wav,26,Lead,3,0,no,3,6,65,146
git_item100_set028_wot_lvl0_comp4_t12_song96,2,git_item100_set028_wot_lvl0_comp4_t12_song96.wav,28,Guitar,3,0,no,7,12,96,100
p_item330_set029_wit_lvl-15_comp3_t54_song53,1,p_item330_set029_wit_lvl-15_comp3_t54_song53.wav,29,Piano,3,-15,yes,12,54,53,330
p_item330_set029_wit_lvl-10_comp3_t54_song53,1,p_item330_set029_wit_lvl-10_comp3_t54_song53.wav,29,Piano,3,-10,yes,12,54,53,330
p_item330_set029_wit_lvl-5_comp3_t54_song53,1,p_item330_set029_wit_lvl-5_comp3_t54_song53.wav,29,Piano,3,-5,yes,12,54,53,330
p_item330_set029_wit_lvl0_comp3_t54_song53,1,p_item330_set029_wit_lvl0_comp3_t54_song53.wav,29,Piano,3,0,yes,12,54,53,330
voc_item156_set029_wot_lvl0_comp4_t6_song62,2,voc_item156_set029_wot_lvl0_comp4_t6_song62.wav,29,Lead,3,0,no,3,6,62,156
p_item346_set031_wot_lvl0_comp4_t88_song20,2,p_item346_set031_wot_lvl0_comp4_t88_song20.wav,31,Piano,3,0,no,11,88,20,346
voc_item180_set034_wit_lvl-15_comp3_t50_song51,1,voc_item180_set034_wit_lvl-15_comp3_t50_song51.wav,34,Lead,3,-15,yes,4,50,51,180
voc_item180_set034_wit_lvl-10_comp3_t50_song51,1,voc_item180_set034_wit_lvl-10_comp3_t50_song51.wav,34,Lead,3,-10,yes,4,50,51,180
voc_item180_set034_wit_lvl-5_comp3_t50_song51,1,voc_item180_set034_wit_lvl-5_comp3_t50_song51.wav,34,Lead,3,-5,yes,4,50,51,180
voc_item180_set034_wit_lvl0_comp3_t50_song51,1,voc_item180_set034_wit_lvl0_comp3_t50_song51.wav,34,Lead,3,0,yes,4,50,51,180
voc_item181_set035_wit_lvl-15_comp6_t102_song49,1,voc_item181_set035_wit_lvl-15_comp6_t102_song49.wav,35,Lead,6,-15,yes,2,102,49,181
voc_item181_set035_wit_lvl-10_comp6_t102_song49,1,voc_item181_set035_wit_lvl-10_comp6_t102_song49.wav,35,Lead,6,-10,yes,2,102,49,181
voc_item181_set035_wit_lvl-5_comp6_t102_song49,1,voc_item181_set035_wit_lvl-5_comp6_t102_song49.wav,35,Lead,6,-5,yes,2,102,49,181
voc_item181_set035_wit_lvl0_comp6_t102_song49,1,voc_item181_set035_wit_lvl0_comp6_t102_song49.wav,35,Lead,6,0,yes,2,102,49,181
b_item70_set037_wot_lvl0_comp4_t70_song70,2,b_item70_set037_wot_lvl0_comp4_t70_song70.wav,37,Bass,3,0,no,15,70,70,70
voc_item253_set049_wit_lvl-15_comp6_t102_song53,1,voc_item253_set049_wit_lvl-15_comp6_t102_song53.wav,49,Lead,6,-15,yes,2,102,53,253
voc_item253_set049_wit_lvl-10_comp6_t102_song53,1,voc_item253_set049_wit_lvl-10_comp6_t102_song53.wav,49,Lead,6,-10,yes,2,102,53,253
voc_item253_set049_wit_lvl-5_comp6_t102_song53,1,voc_item253_set049_wit_lvl-5_comp6_t102_song53.wav,49,Lead,6,-5,yes,2,102,53,253
voc_item253_set049_wit_lvl0_comp6_t102_song53,1,voc_item253_set049_wit_lvl0_comp6_t102_song53.wav,49,Lead,6,0,yes,2,102,53,253
p_item802_set060_wit_lvl-15_comp6_t120_song103,1,p_item802_set060_wit_lvl-15_comp6_t120_song103.wav,60,Piano,6,-15,yes,10,120,103,802
p_item802_set060_wit_lvl-10_comp6_t120_song103,1,p_item802_set060_wit_lvl-10_comp6_t120_song103.wav,60,Piano,6,-10,yes,10,120,103,802
p_item802_set060_wit_lvl-5_comp6_t120_song103,1,p_item802_set060_wit_lvl-5_comp6_t120_song103.wav,60,Piano,6,-5,yes,10,120,103,802
p_item802_set060_wit_lvl0_comp6_t120_song103,1,p_item802_set060_wit_lvl0_comp6_t120_song103.wav,60,Piano,6,0,yes,10,120,103,802
b_item149_set066_wot_lvl0_comp4_t82_song69,2,b_item149_set066_wot_lvl0_comp4_t82_song69.wav,66,Bass,3,0,no,15,82,69,149
p_item909_set074_wot_lvl0_comp4_t90_song63,2,p_item909_set074_wot_lvl0_comp4_t90_song63.wav,74,Piano,3,0,no,11,90,63,909
git_item269_set079_wit_lvl-15_comp3_t80_song43,1,git_item269_set079_wit_lvl-15_comp3_t80_song43.wav,79,Guitar,3,-15,yes,8,80,43,269
git_item269_set079_wit_lvl-10_comp3_t80_song43,1,git_item269_set079_wit_lvl-10_comp3_t80_song43.wav,79,Guitar,3,-10,yes,8,80,43,269
git_item269_set079_wit_lvl-5_comp3_t80_song43,1,git_item269_set079_wit_lvl-5_comp3_t80_song43.wav,79,Guitar,3,-5,yes,8,80,43,269
git_item269_set079_wit_lvl0_comp3_t80_song43,1,git_item269_set079_wit_lvl0_comp3_t80_song43.wav,79,Guitar,3,0,yes,8,80,43,269
p_item1033_set088_wit_lvl-15_comp6_t88_song53,1,p_item1033_set088_wit_lvl-15_comp6_t88_song53.wav,88,Piano,6,-15,yes,10,88,53,1033
p_item1033_set088_wit_lvl-10_comp6_t88_song53,1,p_item1033_set088_wit_lvl-10_comp6_t88_song53.wav,88,Piano,6,-10,yes,10,88,53,1033
p_item1033_set088_wit_lvl-5_comp6_t88_song53,1,p_item1033_set088_wit_lvl-5_comp6_t88_song53.wav,88,Piano,6,-5,yes,10,88,53,1033
p_item1033_set088_wit_lvl0_comp6_t88_song53,1,p_item1033_set088_wit_lvl0_comp6_t88_song53.wav,88,Piano,6,0,yes,10,88,53,1033
p_item1150_set099_wit_lvl-15_comp3_t46_song21,1,p_item1150_set099_wit_lvl-15_comp3_t46_song21.wav,99,Piano,3,-15,yes,12,46,21,1150
p_item1150_set099_wit_lvl-10_comp3_t46_song21,1,p_item1150_set099_wit_lvl-10_comp3_t46_song21.wav,99,Piano,3,-10,yes,12,46,21,1150
p_item1150_set099_wit_lvl-5_comp3_t46_song21,1,p_item1150_set099_wit_lvl-5_comp3_t46_song21.wav,99,Piano,3,-5,yes,12,46,21,1150
p_item1150_set099_wit_lvl0_comp3_t46_song21,1,p_item1150_set099_wit_lvl0_comp3_t46_song21.wav,99,Piano,3,0,yes,12,46,21,1150
voc_item594_set105_wit_lvl-15_comp6_t140_song48,1,voc_item594_set105_wit_lvl-15_comp6_t140_song48.wav,105,Lead,6,-15,yes,2,140,48,594
voc_item594_set105_wit_lvl-10_comp6_t140_song48,1,voc_item594_set105_wit_lvl-10_comp6_t140_song48.wav,105,Lead,6,-10,yes,2,140,48,594
voc_item594_set105_wit_lvl-5_comp6_t140_song48,1,voc_item594_set105_wit_lvl-5_comp6_t140_song48.wav,105,Lead,6,-5,yes,2,140,48,594
voc_item594_set105_wit_lvl0_comp6_t140_song48,1,voc_item594_set105_wit_lvl0_comp6_t140_song48.wav,105,Lead,6,0,yes,2,140,48,594
p_item1231_set109_wot_lvl0_comp7_t250_song97,2,p_item1231_set109_wot_lvl0_comp7_t250_song97.wav,109,Piano,6,0,no,9,250,97,1231
b_item282_set119_wot_lvl0_comp4_t52_song73,2,b_item282_set119_wot_lvl0_comp4_t52_song73.wav,119,Bass,3,0,no,15,52,73,282
p_item1402_set130_wit_lvl-15_comp6_t84_song2,1,p_item1402_set130_wit_lvl-15_comp6_t84_song2.wav,130,Piano,6,-15,yes,10,84,2,1402
p_item1402_set130_wit_lvl-10_comp6_t84_song2,1,p_item1402_set130_wit_lvl-10_comp6_t84_song2.wav,130,Piano,6,-10,yes,10,84,2,1402
p_item1402_set130_wit_lvl-5_comp6_t84_song2,1,p_item1402_set130_wit_lvl-5_comp6_t84_song2.wav,130,Piano,6,-5,yes,10,84,2,1402
p_item1402_set130_wit_lvl0_comp6_t84_song2,1,p_item1402_set130_wit_lvl0_comp6_t84_song2.wav,130,Piano,6,0,yes,10,84,2,1402
b_item333_set137_wit_lvl-15_comp3_t148_song100,1,b_item333_set137_wit_lvl-15_comp3_t148_song100.wav,137,Bass,3,-15,yes,16,148,100,333
b_item333_set137_wit_lvl-10_comp3_t148_song100,1,b_item333_set137_wit_lvl-10_comp3_t148_song100.wav,137,Bass,3,-10,yes,16,148,100,333
b_item333_set137_wit_lvl-5_comp3_t148_song100,1,b_item333_set137_wit_lvl-5_comp3_t148_song100.wav,137,Bass,3,-5,yes,16,148,100,333
b_item333_set137_wit_lvl0_comp3_t148_song100,1,b_item333_set137_wit_lvl0_comp3_t148_song100.wav,137,Bass,3,0,yes,16,148,100,333
p_item1523_set139_wit_lvl-15_comp6_t152_song83,1,p_item1523_set139_wit_lvl-15_comp6_t152_song83.wav,139,Piano,6,-15,yes,10,152,83,1523
p_item1523_set139_wit_lvl-10_comp6_t152_song83,1,p_item1523_set139_wit_lvl-10_comp6_t152_song83.wav,139,Piano,6,-10,yes,10,152,83,1523
p_item1523_set139_wit_lvl-5_comp6_t152_song83,1,p_item1523_set139_wit_lvl-5_comp6_t152_song83.wav,139,Piano,6,-5,yes,10,152,83,1523
p_item1523_set139_wit_lvl0_comp6_t152_song83,1,p_item1523_set139_wit_lvl0_comp6_t152_song83.wav,139,Piano,6,0,yes,10,152,83,1523
b_item337_set140_wot_lvl0_comp7_t138_song115,2,b_item337_set140_wot_lvl0_comp7_t138_song115.wav,140,Bass,6,0,no,13,138,115,337
p_item1570_set144_wit_lvl-15_comp3_t46_song81,1,p_item1570_set144_wit_lvl-15_comp3_t46_song81.wav,144,Piano,3,-15,yes,12,46,81,1570
p_item1570_set144_wit_lvl-10_comp3_t46_song81,1,p_item1570_set144_wit_lvl-10_comp3_t46_song81.wav,144,Piano,3,-10,yes,12,46,81,1570
p_item1570_set144_wit_lvl-5_comp3_t46_song81,1,p_item1570_set144_wit_lvl-5_comp3_t46_song81.wav,144,Piano,3,-5,yes,12,46,81,1570
p_item1570_set144_wit_lvl0_comp3_t46_song81,1,p_item1570_set144_wit_lvl0_comp3_t46_song81.wav,144,Piano,3,0,yes,12,46,81,1570
p_item1573_set145_wot_lvl0_comp7_t198_song103,2,p_item1573_set145_wot_lvl0_comp7_t198_song103.wav,145,Piano,6,0,no,9,198,103,1573
b_item358_set150_wit_lvl-15_comp3_t8_song79,1,b_item358_set150_wit_lvl-15_comp3_t8_song79.wav,150,Bass,3,-15,yes,16,8,79,358
b_item358_set150_wit_lvl-10_comp3_t8_song79,1,b_item358_set150_wit_lvl-10_comp3_t8_song79.wav,150,Bass,3,-10,yes,16,8,79,358
b_item358_set150_wit_lvl-5_comp3_t8_song79,1,b_item358_set150_wit_lvl-5_comp3_t8_song79.wav,150,Bass,3,-5,yes,16,8,79,358
b_item358_set150_wit_lvl0_comp3_t8_song79,1,b_item358_set150_wit_lvl0_comp3_t8_song79.wav,150,Bass,3,0,yes,16,8,79,358
b_item368_set154_wit_lvl-15_comp6_t170_song21,1,b_item368_set154_wit_lvl-15_comp6_t170_song21.wav,154,Bass,6,-15,yes,14,170,21,368
b_item368_set154_wit_lvl-10_comp6_t170_song21,1,b_item368_set154_wit_lvl-10_comp6_t170_song21.wav,154,Bass,6,-10,yes,14,170,21,368
b_item368_set154_wit_lvl-5_comp6_t170_song21,1,b_item368_set154_wit_lvl-5_comp6_t170_song21.wav,154,Bass,6,-5,yes,14,170,21,368
b_item368_set154_wit_lvl0_comp6_t170_song21,1,b_item368_set154_wit_lvl0_comp6_t170_song21.wav,154,Bass,6,0,yes,14,170,21,368
b_item371_set156_wot_lvl0_comp4_t16_song47,2,b_item371_set156_wot_lvl0_comp4_t16_song47.wav,156,Bass,3,0,no,15,16,47,371
voc_item933_set165_wit_lvl-15_comp6_t110_song33,1,voc_item933_set165_wit_lvl-15_comp6_t110_song33.wav,165,Lead,6,-15,yes,2,110,33,933
voc_item933_set165_wit_lvl-10_comp6_t110_song33,1,voc_item933_set165_wit_lvl-10_comp6_t110_song33.wav,165,Lead,6,-10,yes,2,110,33,933
voc_item933_set165_wit_lvl-5_comp6_t110_song33,1,voc_item933_set165_wit_lvl-5_comp6_t110_song33.wav,165,Lead,6,-5,yes,2,110,33,933
voc_item933_set165_wit_lvl0_comp6_t110_song33,1,voc_item933_set165_wit_lvl0_comp6_t110_song33.wav,165,Lead,6,0,yes,2,110,33,933
b_item395_set166_wot_lvl0_comp7_t224_song27,2,b_item395_set166_wot_lvl0_comp7_t224_song27.wav,166,Bass,6,0,no,13,224,27,395
voc_item963_set170_wot_lvl0_comp7_t268_song4,2,voc_item963_set170_wot_lvl0_comp7_t268_song4.wav,170,Lead,6,0,no,1,268,4,963
b_item415_set176_wot_lvl0_comp4_t32_song41,2,b_item415_set176_wot_lvl0_comp4_t32_song41.wav,176,Bass,3,0,no,15,32,41,415
voc_item1003_set177_wit_lvl-15_comp3_t218_song55,1,voc_item1003_set177_wit_lvl-15_comp3_t218_song55.wav,177,Lead,3,-15,yes,4,218,55,1003
voc_item1003_set177_wit_lvl-10_comp3_t218_song55,1,voc_item1003_set177_wit_lvl-10_comp3_t218_song55.wav,177,Lead,3,-10,yes,4,218,55,1003
voc_item1003_set177_wit_lvl-5_comp3_t218_song55,1,voc_item1003_set177_wit_lvl-5_comp3_t218_song55.wav,177,Lead,3,-5,yes,4,218,55,1003
voc_item1003_set177_wit_lvl0_comp3_t218_song55,1,voc_item1003_set177_wit_lvl0_comp3_t218_song55.wav,177,Lead,3,0,yes,4,218,55,1003
p_item1909_set179_wit_lvl-15_comp6_t130_song115,1,p_item1909_set179_wit_lvl-15_comp6_t130_song115.wav,179,Piano,6,-15,yes,10,130,115,1909
p_item1909_set179_wit_lvl-10_comp6_t130_song115,1,p_item1909_set179_wit_lvl-10_comp6_t130_song115.wav,179,Piano,6,-10,yes,10,130,115,1909
p_item1909_set179_wit_lvl-5_comp6_t130_song115,1,p_item1909_set179_wit_lvl-5_comp6_t130_song115.wav,179,Piano,6,-5,yes,10,130,115,1909
p_item1909_set179_wit_lvl0_comp6_t130_song115,1,p_item1909_set179_wit_lvl0_comp6_t130_song115.wav,179,Piano,6,0,yes,10,130,115,1909
p_item1924_set180_wit_lvl-15_comp3_t102_song42,1,p_item1924_set180_wit_lvl-15_comp3_t102_song42.wav,180,Piano,3,-15,yes,12,102,42,1924
p_item1924_set180_wit_lvl-10_comp3_t102_song42,1,p_item1924_set180_wit_lvl-10_comp3_t102_song42.wav,180,Piano,3,-10,yes,12,102,42,1924
p_item1924_set180_wit_lvl-5_comp3_t102_song42,1,p_item1924_set180_wit_lvl-5_comp3_t102_song42.wav,180,Piano,3,-5,yes,12,102,42,1924
p_item1924_set180_wit_lvl0_comp3_t102_song42,1,p_item1924_set180_wit_lvl0_comp3_t102_song42.wav,180,Piano,3,0,yes,12,102,42,1924
git_item568_set183_wot_lvl0_comp4_t6_song77,2,git_item568_set183_wot_lvl0_comp4_t6_song77.wav,183,Guitar,3,0,no,7,6,77,568
voc_item1136_set195_wot_lvl0_comp4_t92_song34,2,voc_item1136_set195_wot_lvl0_comp4_t92_song34.wav,195,Lead,3,0,no,3,92,34,1136
p_item2138_set204_wot_lvl0_comp4_t60_song23,2,p_item2138_set204_wot_lvl0_comp4_t60_song23.wav,204,Piano,3,0,no,11,60,23,2138
git_item656_set205_wot_lvl0_comp4_t158_song108,2,git_item656_set205_wot_lvl0_comp4_t158_song108.wav,205,Guitar,3,0,no,7,158,108,656
p_item2163_set206_wot_lvl0_comp7_t134_song19,2,p_item2163_set206_wot_lvl0_comp7_t134_song19.wav,206,Piano,6,0,no,9,134,19,2163
git_item665_set208_wot_lvl0_comp4_t4_song76,2,git_item665_set208_wot_lvl0_comp4_t4_song76.wav,208,Guitar,3,0,no,7,4,76,665
voc_item1235_set212_wot_lvl0_comp7_t110_song115,2,voc_item1235_set212_wot_lvl0_comp7_t110_song115.wav,212,Lead,6,0,no,1,110,115,1235
voc_item1261_set217_wit_lvl-15_comp3_t38_song71,1,voc_item1261_set217_wit_lvl-15_comp3_t38_song71.wav,217,Lead,3,-15,yes,4,38,71,1261
voc_item1261_set217_wit_lvl-10_comp3_t38_song71,1,voc_item1261_set217_wit_lvl-10_comp3_t38_song71.wav,217,Lead,3,-10,yes,4,38,71,1261
voc_item1261_set217_wit_lvl-5_comp3_t38_song71,1,voc_item1261_set217_wit_lvl-5_comp3_t38_song71.wav,217,Lead,3,-5,yes,4,38,71,1261
voc_item1261_set217_wit_lvl0_comp3_t38_song71,1,voc_item1261_set217_wit_lvl0_comp3_t38_song71.wav,217,Lead,3,0,yes,4,38,71,1261
git_item739_set228_wit_lvl-15_comp6_t140_song3,1,git_item739_set228_wit_lvl-15_comp6_t140_song3.wav,228,Guitar,6,-15,yes,6,140,3,739
git_item739_set228_wit_lvl-10_comp6_t140_song3,1,git_item739_set228_wit_lvl-10_comp6_t140_song3.wav,228,Guitar,6,-10,yes,6,140,3,739
git_item739_set228_wit_lvl-5_comp6_t140_song3,1,git_item739_set228_wit_lvl-5_comp6_t140_song3.wav,228,Guitar,6,-5,yes,6,140,3,739
git_item739_set228_wit_lvl0_comp6_t140_song3,1,git_item739_set228_wit_lvl0_comp6_t140_song3.wav,228,Guitar,6,0,yes,6,140,3,739
voc_item1383_set232_wot_lvl0_comp4_t16_song75,2,voc_item1383_set232_wot_lvl0_comp4_t16_song75.wav,232,Lead,3,0,no,3,16,75,1383
git_item808_set246_wot_lvl0_comp4_t6_song72,2,git_item808_set246_wot_lvl0_comp4_t6_song72.wav,246,Guitar,3,0,no,7,6,72,808
p_item2516_set248_wot_lvl0_comp4_t100_song93,2,p_item2516_set248_wot_lvl0_comp4_t100_song93.wav,248,Piano,3,0,no,11,100,93,2516
git_item820_set249_wit_lvl-15_comp3_t182_song41,1,git_item820_set249_wit_lvl-15_comp3_t182_song41.wav,249,Guitar,3,-15,yes,8,182,41,820
git_item820_set249_wit_lvl-10_comp3_t182_song41,1,git_item820_set249_wit_lvl-10_comp3_t182_song41.wav,249,Guitar,3,-10,yes,8,182,41,820
git_item820_set249_wit_lvl-5_comp3_t182_song41,1,git_item820_set249_wit_lvl-5_comp3_t182_song41.wav,249,Guitar,3,-5,yes,8,182,41,820
git_item820_set249_wit_lvl0_comp3_t182_song41,1,git_item820_set249_wit_lvl0_comp3_t182_song41.wav,249,Guitar,3,0,yes,8,182,41,820
voc_item1535_set258_wit_lvl-15_comp3_t52_song93,1,voc_item1535_set258_wit_lvl-15_comp3_t52_song93.wav,258,Lead,3,-15,yes,4,52,93,1535
voc_item1535_set258_wit_lvl-10_comp3_t52_song93,1,voc_item1535_set258_wit_lvl-10_comp3_t52_song93.wav,258,Lead,3,-10,yes,4,52,93,1535
voc_item1535_set258_wit_lvl-5_comp3_t52_song93,1,voc_item1535_set258_wit_lvl-5_comp3_t52_song93.wav,258,Lead,3,-5,yes,4,52,93,1535
voc_item1535_set258_wit_lvl0_comp3_t52_song93,1,voc_item1535_set258_wit_lvl0_comp3_t52_song93.wav,258,Lead,3,0,yes,4,52,93,1535
git_item882_set267_wit_lvl-15_comp6_t230_song37,1,git_item882_set267_wit_lvl-15_comp6_t230_song37.wav,267,Guitar,6,-15,yes,6,230,37,882
git_item882_set267_wit_lvl-10_comp6_t230_song37,1,git_item882_set267_wit_lvl-10_comp6_t230_song37.wav,267,Guitar,6,-10,yes,6,230,37,882
git_item882_set267_wit_lvl-5_comp6_t230_song37,1,git_item882_set267_wit_lvl-5_comp6_t230_song37.wav,267,Guitar,6,-5,yes,6,230,37,882
git_item882_set267_wit_lvl0_comp6_t230_song37,1,git_item882_set267_wit_lvl0_comp6_t230_song37.wav,267,Guitar,6,0,yes,6,230,37,882
b_item626_set268_wit_lvl-15_comp3_t10_song82,1,b_item626_set268_wit_lvl-15_comp3_t10_song82.wav,268,Bass,3,-15,yes,16,10,82,626
b_item626_set268_wit_lvl-10_comp3_t10_song82,1,b_item626_set268_wit_lvl-10_comp3_t10_song82.wav,268,Bass,3,-10,yes,16,10,82,626
b_item626_set268_wit_lvl-5_comp3_t10_song82,1,b_item626_set268_wit_lvl-5_comp3_t10_song82.wav,268,Bass,3,-5,yes,16,10,82,626
b_item626_set268_wit_lvl0_comp3_t10_song82,1,b_item626_set268_wit_lvl0_comp3_t10_song82.wav,268,Bass,3,0,yes,16,10,82,626
voc_item1578_set270_wit_lvl-15_comp3_t154_song86,1,voc_item1578_set270_wit_lvl-15_comp3_t154_song86.wav,270,Lead,3,-15,yes,4,154,86,1578
voc_item1578_set270_wit_lvl-10_comp3_t154_song86,1,voc_item1578_set270_wit_lvl-10_comp3_t154_song86.wav,270,Lead,3,-10,yes,4,154,86,1578
voc_item1578_set270_wit_lvl-5_comp3_t154_song86,1,voc_item1578_set270_wit_lvl-5_comp3_t154_song86.wav,270,Lead,3,-5,yes,4,154,86,1578
voc_item1578_set270_wit_lvl0_comp3_t154_song86,1,voc_item1578_set270_wit_lvl0_comp3_t154_song86.wav,270,Lead,3,0,yes,4,154,86,1578
p_item2709_set276_wit_lvl-15_comp3_t32_song23,1,p_item2709_set276_wit_lvl-15_comp3_t32_song23.wav,276,Piano,3,-15,yes,12,32,23,2709
p_item2709_set276_wit_lvl-10_comp3_t32_song23,1,p_item2709_set276_wit_lvl-10_comp3_t32_song23.wav,276,Piano,3,-10,yes,12,32,23,2709
p_item2709_set276_wit_lvl-5_comp3_t32_song23,1,p_item2709_set276_wit_lvl-5_comp3_t32_song23.wav,276,Piano,3,-5,yes,12,32,23,2709
p_item2709_set276_wit_lvl0_comp3_t32_song23,1,p_item2709_set276_wit_lvl0_comp3_t32_song23.wav,276,Piano,3,0,yes,12,32,23,2709
p_item2818_set302_wot_lvl0_comp4_t66_song81,2,p_item2818_set302_wot_lvl0_comp4_t66_song81.wav,302,Piano,3,0,no,11,66,81,2818
p_item2851_set307_wit_lvl-15_comp6_t84_song19,1,p_item2851_set307_wit_lvl-15_comp6_t84_song19.wav,307,Piano,6,-15,yes,10,84,19,2851
p_item2851_set307_wit_lvl-10_comp6_t84_song19,1,p_item2851_set307_wit_lvl-10_comp6_t84_song19.wav,307,Piano,6,-10,yes,10,84,19,2851
p_item2851_set307_wit_lvl-5_comp6_t84_song19,1,p_item2851_set307_wit_lvl-5_comp6_t84_song19.wav,307,Piano,6,-5,yes,10,84,19,2851
p_item2851_set307_wit_lvl0_comp6_t84_song19,1,p_item2851_set307_wit_lvl0_comp6_t84_song19.wav,307,Piano,6,0,yes,10,84,19,2851
p_item2864_set310_wot_lvl0_comp7_t168_song7,2,p_item2864_set310_wot_lvl0_comp7_t168_song7.wav,310,Piano,6,0,no,9,168,7,2864
p_item2885_set313_wot_lvl0_comp7_t104_song83,2,p_item2885_set313_wot_lvl0_comp7_t104_song83.wav,313,Piano,6,0,no,9,104,83,2885
p_item2889_set314_wot_lvl0_comp7_t214_song13,2,p_item2889_set314_wot_lvl0_comp7_t214_song13.wav,314,Piano,6,0,no,9,214,13,2889
git_item1057_set317_wot_lvl0_comp7_t176_song7,2,git_item1057_set317_wot_lvl0_comp7_t176_song7.wav,317,Guitar,6,0,no,5,176,7,1057
p_item2919_set322_wot_lvl0_comp4_t26_song61,2,p_item2919_set322_wot_lvl0_comp4_t26_song61.wav,322,Piano,3,0,no,11,26,61,2919
p_item2948_set331_wit_lvl-15_comp6_t176_song111,1,p_item2948_set331_wit_lvl-15_comp6_t176_song111.wav,331,Piano,6,-15,yes,10,176,111,2948
p_item2948_set331_wit_lvl-10_comp6_t176_song111,1,p_item2948_set331_wit_lvl-10_comp6_t176_song111.wav,331,Piano,6,-10,yes,10,176,111,2948
p_item2948_set331_wit_lvl-5_comp6_t176_song111,1,p_item2948_set331_wit_lvl-5_comp6_t176_song111.wav,331,Piano,6,-5,yes,10,176,111,2948
p_item2948_set331_wit_lvl0_comp6_t176_song111,1,p_item2948_set331_wit_lvl0_comp6_t176_song111.wav,331,Piano,6,0,yes,10,176,111,2948
b_item748_set332_wit_lvl-15_comp3_t98_song10,1,b_item748_set332_wit_lvl-15_comp3_t98_song10.wav,332,Bass,3,-15,yes,16,98,10,748
b_item748_set332_wit_lvl-10_comp3_t98_song10,1,b_item748_set332_wit_lvl-10_comp3_t98_song10.wav,332,Bass,3,-10,yes,16,98,10,748
b_item748_set332_wit_lvl-5_comp3_t98_song10,1,b_item748_set332_wit_lvl-5_comp3_t98_song10.wav,332,Bass,3,-5,yes,16,98,10,748
b_item748_set332_wit_lvl0_comp3_t98_song10,1,b_item748_set332_wit_lvl0_comp3_t98_song10.wav,332,Bass,3,0,yes,16,98,10,748
voc_item2006_set345_wot_lvl0_comp4_t4_song59,2,voc_item2006_set345_wot_lvl0_comp4_t4_song59.wav,345,Lead,3,0,no,3,4,59,2006
git_item1167_set351_wot_lvl0_comp7_t280_song4,2,git_item1167_set351_wot_lvl0_comp7_t280_song4.wav,351,Guitar,6,0,no,5,280,4,1167
p_item3048_set353_wot_lvl0_comp4_t152_song2,2,p_item3048_set353_wot_lvl0_comp4_t152_song2.wav,353,Piano,3,0,no,11,152,2,3048
p_item3062_set354_wot_lvl0_comp7_t228_song104,2,p_item3062_set354_wot_lvl0_comp7_t228_song104.wav,354,Piano,6,0,no,9,228,104,3062
p_item3079_set358_wit_lvl-15_comp3_t70_song28,1,p_item3079_set358_wit_lvl-15_comp3_t70_song28.wav,358,Piano,3,-15,yes,12,70,28,3079
p_item3079_set358_wit_lvl-10_comp3_t70_song28,1,p_item3079_set358_wit_lvl-10_comp3_t70_song28.wav,358,Piano,3,-10,yes,12,70,28,3079
p_item3079_set358_wit_lvl-5_comp3_t70_song28,1,p_item3079_set358_wit_lvl-5_comp3_t70_song28.wav,358,Piano,3,-5,yes,12,70,28,3079
p_item3079_set358_wit_lvl0_comp3_t70_song28,1,p_item3079_set358_wit_lvl0_comp3_t70_song28.wav,358,Piano,3,0,yes,12,70,28,3079
p_item3100_set362_wot_lvl0_comp7_t272_song102,2,p_item3100_set362_wot_lvl0_comp7_t272_song102.wav,362,Piano,6,0,no,9,272,102,3100
b_item811_set364_wit_lvl-15_comp3_t18_song80,1,b_item811_set364_wit_lvl-15_comp3_t18_song80.wav,364,Bass,3,-15,yes,16,18,80,811
b_item811_set364_wit_lvl-10_comp3_t18_song80,1,b_item811_set364_wit_lvl-10_comp3_t18_song80.wav,364,Bass,3,-10,yes,16,18,80,811
b_item811_set364_wit_lvl-5_comp3_t18_song80,1,b_item811_set364_wit_lvl-5_comp3_t18_song80.wav,364,Bass,3,-5,yes,16,18,80,811
b_item811_set364_wit_lvl0_comp3_t18_song80,1,b_item811_set364_wit_lvl0_comp3_t18_song80.wav,364,Bass,3,0,yes,16,18,80,811
voc_item2121_set380_wit_lvl-15_comp3_t122_song20,1,voc_item2121_set380_wit_lvl-15_comp3_t122_song20.wav,380,Lead,3,-15,yes,4,122,20,2121
voc_item2121_set380_wit_lvl-10_comp3_t122_song20,1,voc_item2121_set380_wit_lvl-10_comp3_t122_song20.wav,380,Lead,3,-10,yes,4,122,20,2121
voc_item2121_set380_wit_lvl-5_comp3_t122_song20,1,voc_item2121_set380_wit_lvl-5_comp3_t122_song20.wav,380,Lead,3,-5,yes,4,122,20,2121
voc_item2121_set380_wit_lvl0_comp3_t122_song20,1,voc_item2121_set380_wit_lvl0_comp3_t122_song20.wav,380,Lead,3,0,yes,4,122,20,2121
p_item3147_set380_wot_lvl0_comp4_t124_song57,2,p_item3147_set380_wot_lvl0_comp4_t124_song57.wav,380,Piano,3,0,no,11,124,57,3147
git_item1263_set382_wot_lvl0_comp4_t6_song78,2,git_item1263_set382_wot_lvl0_comp4_t6_song78.wav,382,Guitar,3,0,no,7,6,78,1263
git_item1268_set384_wot_lvl0_comp4_t74_song24,2,git_item1268_set384_wot_lvl0_comp4_t74_song24.wav,384,Guitar,3,0,no,7,74,24,1268
b_item876_set387_wit_lvl-15_comp3_t234_song99,1,b_item876_set387_wit_lvl-15_comp3_t234_song99.wav,387,Bass,3,-15,yes,16,234,99,876
b_item876_set387_wit_lvl-10_comp3_t234_song99,1,b_item876_set387_wit_lvl-10_comp3_t234_song99.wav,387,Bass,3,-10,yes,16,234,99,876
b_item876_set387_wit_lvl-5_comp3_t234_song99,1,b_item876_set387_wit_lvl-5_comp3_t234_song99.wav,387,Bass,3,-5,yes,16,234,99,876
b_item876_set387_wit_lvl0_comp3_t234_song99,1,b_item876_set387_wit_lvl0_comp3_t234_song99.wav,387,Bass,3,0,yes,16,234,99,876
p_item3189_set389_wot_lvl0_comp7_t90_song13,2,p_item3189_set389_wot_lvl0_comp7_t90_song13.wav,389,Piano,6,0,no,9,90,13,3189
p_item3212_set395_wit_lvl-15_comp6_t106_song3,1,p_item3212_set395_wit_lvl-15_comp6_t106_song3.wav,395,Piano,6,-15,yes,10,106,3,3212
p_item3212_set395_wit_lvl-10_comp6_t106_song3,1,p_item3212_set395_wit_lvl-10_comp6_t106_song3.wav,395,Piano,6,-10,yes,10,106,3,3212
p_item3212_set395_wit_lvl-5_comp6_t106_song3,1,p_item3212_set395_wit_lvl-5_comp6_t106_song3.wav,395,Piano,6,-5,yes,10,106,3,3212
p_item3212_set395_wit_lvl0_comp6_t106_song3,1,p_item3212_set395_wit_lvl0_comp6_t106_song3.wav,395,Piano,6,0,yes,10,106,3,3212
p_item3300_set407_wit_lvl-15_comp6_t130_song103,1,p_item3300_set407_wit_lvl-15_comp6_t130_song103.wav,407,Piano,6,-15,yes,10,130,103,3300
p_item3300_set407_wit_lvl-10_comp6_t130_song103,1,p_item3300_set407_wit_lvl-10_comp6_t130_song103.wav,407,Piano,6,-10,yes,10,130,103,3300
p_item3300_set407_wit_lvl-5_comp6_t130_song103,1,p_item3300_set407_wit_lvl-5_comp6_t130_song103.wav,407,Piano,6,-5,yes,10,130,103,3300
p_item3300_set407_wit_lvl0_comp6_t130_song103,1,p_item3300_set407_wit_lvl0_comp6_t130_song103.wav,407,Piano,6,0,yes,10,130,103,3300
b_item959_set423_wit_lvl-15_comp3_t18_song117,1,b_item959_set423_wit_lvl-15_comp3_t18_song117.wav,423,Bass,3,-15,yes,16,18,117,959
b_item959_set423_wit_lvl-10_comp3_t18_song117,1,b_item959_set423_wit_lvl-10_comp3_t18_song117.wav,423,Bass,3,-10,yes,16,18,117,959
b_item959_set423_wit_lvl-5_comp3_t18_song117,1,b_item959_set423_wit_lvl-5_comp3_t18_song117.wav,423,Bass,3,-5,yes,16,18,117,959
b_item959_set423_wit_lvl0_comp3_t18_song117,1,b_item959_set423_wit_lvl0_comp3_t18_song117.wav,423,Bass,3,0,yes,16,18,117,959
b_item961_set424_wit_lvl-15_comp6_t136_song34,1,b_item961_set424_wit_lvl-15_comp6_t136_song34.wav,424,Bass,6,-15,yes,14,136,34,961
b_item961_set424_wit_lvl-10_comp6_t136_song34,1,b_item961_set424_wit_lvl-10_comp6_t136_song34.wav,424,Bass,6,-10,yes,14,136,34,961
b_item961_set424_wit_lvl-5_comp6_t136_song34,1,b_item961_set424_wit_lvl-5_comp6_t136_song34.wav,424,Bass,6,-5,yes,14,136,34,961
b_item961_set424_wit_lvl0_comp6_t136_song34,1,b_item961_set424_wit_lvl0_comp6_t136_song34.wav,424,Bass,6,0,yes,14,136,34,961
git_item1408_set426_wit_lvl-15_comp3_t142_song105,1,git_item1408_set426_wit_lvl-15_comp3_t142_song105.wav,426,Guitar,3,-15,yes,8,142,105,1408
git_item1408_set426_wit_lvl-10_comp3_t142_song105,1,git_item1408_set426_wit_lvl-10_comp3_t142_song105.wav,426,Guitar,3,-10,yes,8,142,105,1408
git_item1408_set426_wit_lvl-5_comp3_t142_song105,1,git_item1408_set426_wit_lvl-5_comp3_t142_song105.wav,426,Guitar,3,-5,yes,8,142,105,1408
git_item1408_set426_wit_lvl0_comp3_t142_song105,1,git_item1408_set426_wit_lvl0_comp3_t142_song105.wav,426,Guitar,3,0,yes,8,142,105,1408
p_item3423_set428_wot_lvl0_comp7_t226_song97,2,p_item3423_set428_wot_lvl0_comp7_t226_song97.wav,428,Piano,6,0,no,9,226,97,3423
b_item979_set434_wit_lvl-15_comp3_t690_song54,1,b_item979_set434_wit_lvl-15_comp3_t690_song54.wav,434,Bass,3,-15,yes,16,690,54,979
b_item979_set434_wit_lvl-10_comp3_t690_song54,1,b_item979_set434_wit_lvl-10_comp3_t690_song54.wav,434,Bass,3,-10,yes,16,690,54,979
b_item979_set434_wit_lvl-5_comp3_t690_song54,1,b_item979_set434_wit_lvl-5_comp3_t690_song54.wav,434,Bass,3,-5,yes,16,690,54,979
b_item979_set434_wit_lvl0_comp3_t690_song54,1,b_item979_set434_wit_lvl0_comp3_t690_song54.wav,434,Bass,3,0,yes,16,690,54,979
p_item3473_set436_wot_lvl0_comp4_t148_song35,2,p_item3473_set436_wot_lvl0_comp4_t148_song35.wav,436,Piano,3,0,no,11,148,35,3473
p_item3487_set440_wit_lvl-15_comp3_t242_song13,1,p_item3487_set440_wit_lvl-15_comp3_t242_song13.wav,440,Piano,3,-15,yes,12,242,13,3487
p_item3487_set440_wit_lvl-10_comp3_t242_song13,1,p_item3487_set440_wit_lvl-10_comp3_t242_song13.wav,440,Piano,3,-10,yes,12,242,13,3487
p_item3487_set440_wit_lvl-5_comp3_t242_song13,1,p_item3487_set440_wit_lvl-5_comp3_t242_song13.wav,440,Piano,3,-5,yes,12,242,13,3487
p_item3487_set440_wit_lvl0_comp3_t242_song13,1,p_item3487_set440_wit_lvl0_comp3_t242_song13.wav,440,Piano,3,0,yes,12,242,13,3487
voc_item2389_set447_wit_lvl-15_comp3_t20_song21,1,voc_item2389_set447_wit_lvl-15_comp3_t20_song21.wav,447,Lead,3,-15,yes,4,20,21,2389
voc_item2389_set447_wit_lvl-10_comp3_t20_song21,1,voc_item2389_set447_wit_lvl-10_comp3_t20_song21.wav,447,Lead,3,-10,yes,4,20,21,2389
voc_item2389_set447_wit_lvl-5_comp3_t20_song21,1,voc_item2389_set447_wit_lvl-5_comp3_t20_song21.wav,447,Lead,3,-5,yes,4,20,21,2389
voc_item2389_set447_wit_lvl0_comp3_t20_song21,1,voc_item2389_set447_wit_lvl0_comp3_t20_song21.wav,447,Lead,3,0,yes,4,20,21,2389
p_item3562_set453_wit_lvl-15_comp6_t104_song39,1,p_item3562_set453_wit_lvl-15_comp6_t104_song39.wav,453,Piano,6,-15,yes,10,104,39,3562
p_item3562_set453_wit_lvl-10_comp6_t104_song39,1,p_item3562_set453_wit_lvl-10_comp6_t104_song39.wav,453,Piano,6,-10,yes,10,104,39,3562
p_item3562_set453_wit_lvl-5_comp6_t104_song39,1,p_item3562_set453_wit_lvl-5_comp6_t104_song39.wav,453,Piano,6,-5,yes,10,104,39,3562
p_item3562_set453_wit_lvl0_comp6_t104_song39,1,p_item3562_set453_wit_lvl0_comp6_t104_song39.wav,453,Piano,6,0,yes,10,104,39,3562
git_item1490_set453_wit_lvl-15_comp3_t32_song64,1,git_item1490_set453_wit_lvl-15_comp3_t32_song64.wav,453,Guitar,3,-15,yes,8,32,64,1490
git_item1490_set453_wit_lvl-10_comp3_t32_song64,1,git_item1490_set453_wit_lvl-10_comp3_t32_song64.wav,453,Guitar,3,-10,yes,8,32,64,1490
git_item1490_set453_wit_lvl-5_comp3_t32_song64,1,git_item1490_set453_wit_lvl-5_comp3_t32_song64.wav,453,Guitar,3,-5,yes,8,32,64,1490
git_item1490_set453_wit_lvl0_comp3_t32_song64,1,git_item1490_set453_wit_lvl0_comp3_t32_song64.wav,453,Guitar,3,0,yes,8,32,64,1490
git_item1514_set462_wot_lvl0_comp4_t14_song71,2,git_item1514_set462_wot_lvl0_comp4_t14_song71.wav,462,Guitar,3,0,no,7,14,71,1514
git_item1531_set467_wot_lvl0_comp4_t186_song58,2,git_item1531_set467_wot_lvl0_comp4_t186_song58.wav,467,Guitar,3,0,no,7,186,58,1531
p_item3703_set470_wit_lvl-15_comp3_t114_song40,1,p_item3703_set470_wit_lvl-15_comp3_t114_song40.wav,470,Piano,3,-15,yes,12,114,40,3703
p_item3703_set470_wit_lvl-10_comp3_t114_song40,1,p_item3703_set470_wit_lvl-10_comp3_t114_song40.wav,470,Piano,3,-10,yes,12,114,40,3703
p_item3703_set470_wit_lvl-5_comp3_t114_song40,1,p_item3703_set470_wit_lvl-5_comp3_t114_song40.wav,470,Piano,3,-5,yes,12,114,40,3703
p_item3703_set470_wit_lvl0_comp3_t114_song40,1,p_item3703_set470_wit_lvl0_comp3_t114_song40.wav,470,Piano,3,0,yes,12,114,40,3703
git_item1553_set474_wit_lvl-15_comp3_t0_song92,1,git_item1553_set474_wit_lvl-15_comp3_t0_song92.wav,474,Guitar,3,-15,yes,8,0,92,1553
git_item1553_set474_wit_lvl-10_comp3_t0_song92,1,git_item1553_set474_wit_lvl-10_comp3_t0_song92.wav,474,Guitar,3,-10,yes,8,0,92,1553
git_item1553_set474_wit_lvl-5_comp3_t0_song92,1,git_item1553_set474_wit_lvl-5_comp3_t0_song92.wav,474,Guitar,3,-5,yes,8,0,92,1553
git_item1553_set474_wit_lvl0_comp3_t0_song92,1,git_item1553_set474_wit_lvl0_comp3_t0_song92.wav,474,Guitar,3,0,yes,8,0,92,1553
p_item3775_set480_wit_lvl-15_comp3_t122_song104,1,p_item3775_set480_wit_lvl-15_comp3_t122_song104.wav,480,Piano,3,-15,yes,12,122,104,3775
p_item3775_set480_wit_lvl-10_comp3_t122_song104,1,p_item3775_set480_wit_lvl-10_comp3_t122_song104.wav,480,Piano,3,-10,yes,12,122,104,3775
p_item3775_set480_wit_lvl-5_comp3_t122_song104,1,p_item3775_set480_wit_lvl-5_comp3_t122_song104.wav,480,Piano,3,-5,yes,12,122,104,3775
p_item3775_set480_wit_lvl0_comp3_t122_song104,1,p_item3775_set480_wit_lvl0_comp3_t122_song104.wav,480,Piano,3,0,yes,12,122,104,3775
p_item3787_set481_wot_lvl0_comp4_t100_song40,2,p_item3787_set481_wot_lvl0_comp4_t100_song40.wav,481,Piano,3,0,no,11,100,40,3787
voc_item2500_set485_wot_lvl0_comp7_t82_song27,2,voc_item2500_set485_wot_lvl0_comp7_t82_song27.wav,485,Lead,6,0,no,1,82,27,2500
voc_item2528_set496_wit_lvl-15_comp6_t232_song14,1,voc_item2528_set496_wit_lvl-15_comp6_t232_song14.wav,496,Lead,6,-15,yes,2,232,14,2528
voc_item2528_set496_wit_lvl-10_comp6_t232_song14,1,voc_item2528_set496_wit_lvl-10_comp6_t232_song14.wav,496,Lead,6,-10,yes,2,232,14,2528
voc_item2528_set496_wit_lvl-5_comp6_t232_song14,1,voc_item2528_set496_wit_lvl-5_comp6_t232_song14.wav,496,Lead,6,-5,yes,2,232,14,2528
voc_item2528_set496_wit_lvl0_comp6_t232_song14,1,voc_item2528_set496_wit_lvl0_comp6_t232_song14.wav,496,Lead,6,0,yes,2,232,14,2528
git_item1676_set505_wit_lvl-15_comp3_t162_song114,1,git_item1676_set505_wit_lvl-15_comp3_t162_song114.wav,505,Guitar,3,-15,yes,8,162,114,1676
git_item1676_set505_wit_lvl-10_comp3_t162_song114,1,git_item1676_set505_wit_lvl-10_comp3_t162_song114.wav,505,Guitar,3,-10,yes,8,162,114,1676
git_item1676_set505_wit_lvl-5_comp3_t162_song114,1,git_item1676_set505_wit_lvl-5_comp3_t162_song114.wav,505,Guitar,3,-5,yes,8,162,114,1676
git_item1676_set505_wit_lvl0_comp3_t162_song114,1,git_item1676_set505_wit_lvl0_comp3_t162_song114.wav,505,Guitar,3,0,yes,8,162,114,1676
voc_item2549_set507_wit_lvl-15_comp6_t186_song111,1,voc_item2549_set507_wit_lvl-15_comp6_t186_song111.wav,507,Lead,6,-15,yes,2,186,111,2549
voc_item2549_set507_wit_lvl-10_comp6_t186_song111,1,voc_item2549_set507_wit_lvl-10_comp6_t186_song111.wav,507,Lead,6,-10,yes,2,186,111,2549
voc_item2549_set507_wit_lvl-5_comp6_t186_song111,1,voc_item2549_set507_wit_lvl-5_comp6_t186_song111.wav,507,Lead,6,-5,yes,2,186,111,2549
voc_item2549_set507_wit_lvl0_comp6_t186_song111,1,voc_item2549_set507_wit_lvl0_comp6_t186_song111.wav,507,Lead,6,0,yes,2,186,111,2549
voc_item2568_set515_wot_lvl0_comp7_t142_song32,2,voc_item2568_set515_wot_lvl0_comp7_t142_song32.wav,515,Lead,6,0,no,1,142,32,2568
voc_item2577_set518_wit_lvl-15_comp6_t46_song97,1,voc_item2577_set518_wit_lvl-15_comp6_t46_song97.wav,518,Lead,6,-15,yes,2,46,97,2577
voc_item2577_set518_wit_lvl-10_comp6_t46_song97,1,voc_item2577_set518_wit_lvl-10_comp6_t46_song97.wav,518,Lead,6,-10,yes,2,46,97,2577
voc_item2577_set518_wit_lvl-5_comp6_t46_song97,1,voc_item2577_set518_wit_lvl-5_comp6_t46_song97.wav,518,Lead,6,-5,yes,2,46,97,2577
voc_item2577_set518_wit_lvl0_comp6_t46_song97,1,voc_item2577_set518_wit_lvl0_comp6_t46_song97.wav,518,Lead,6,0,yes,2,46,97,2577
voc_item2601_set521_wot_lvl0_comp7_t198_song101,2,voc_item2601_set521_wot_lvl0_comp7_t198_song101.wav,521,Lead,6,0,no,1,198,101,2601
voc_item2639_set536_wit_lvl-15_comp6_t172_song39,1,voc_item2639_set536_wit_lvl-15_comp6_t172_song39.wav,536,Lead,6,-15,yes,2,172,39,2639
voc_item2639_set536_wit_lvl-10_comp6_t172_song39,1,voc_item2639_set536_wit_lvl-10_comp6_t172_song39.wav,536,Lead,6,-10,yes,2,172,39,2639
voc_item2639_set536_wit_lvl-5_comp6_t172_song39,1,voc_item2639_set536_wit_lvl-5_comp6_t172_song39.wav,536,Lead,6,-5,yes,2,172,39,2639
voc_item2639_set536_wit_lvl0_comp6_t172_song39,1,voc_item2639_set536_wit_lvl0_comp6_t172_song39.wav,536,Lead,6,0,yes,2,172,39,2639
voc_item2658_set544_wot_lvl0_comp4_t68_song56,2,voc_item2658_set544_wot_lvl0_comp4_t68_song56.wav,544,Lead,3,0,no,3,68,56,2658
git_item1831_set554_wit_lvl-15_comp3_t54_song15,1,git_item1831_set554_wit_lvl-15_comp3_t54_song15.wav,554,Guitar,3,-15,yes,8,54,15,1831
git_item1831_set554_wit_lvl-10_comp3_t54_song15,1,git_item1831_set554_wit_lvl-10_comp3_t54_song15.wav,554,Guitar,3,-10,yes,8,54,15,1831
git_item1831_set554_wit_lvl-5_comp3_t54_song15,1,git_item1831_set554_wit_lvl-5_comp3_t54_song15.wav,554,Guitar,3,-5,yes,8,54,15,1831
git_item1831_set554_wit_lvl0_comp3_t54_song15,1,git_item1831_set554_wit_lvl0_comp3_t54_song15.wav,554,Guitar,3,0,yes,8,54,15,1831
voc_item2713_set565_wot_lvl0_comp4_t134_song95,2,voc_item2713_set565_wot_lvl0_comp4_t134_song95.wav,565,Lead,3,0,no,3,134,95,2713
b_item1330_set580_wot_lvl0_comp4_t12_song60,2,b_item1330_set580_wot_lvl0_comp4_t12_song60.wav,580,Bass,3,0,no,15,12,60,1330
git_item1927_set585_wit_lvl-15_comp6_t158_song87,1,git_item1927_set585_wit_lvl-15_comp6_t158_song87.wav,585,Guitar,6,-15,yes,6,158,87,1927
git_item1927_set585_wit_lvl-10_comp6_t158_song87,1,git_item1927_set585_wit_lvl-10_comp6_t158_song87.wav,585,Guitar,6,-10,yes,6,158,87,1927
git_item1927_set585_wit_lvl-5_comp6_t158_song87,1,git_item1927_set585_wit_lvl-5_comp6_t158_song87.wav,585,Guitar,6,-5,yes,6,158,87,1927
git_item1927_set585_wit_lvl0_comp6_t158_song87,1,git_item1927_set585_wit_lvl0_comp6_t158_song87.wav,585,Guitar,6,0,yes,6,158,87,1927
voc_item2763_set588_wot_lvl0_comp4_t54_song2,2,voc_item2763_set588_wot_lvl0_comp4_t54_song2.wav,588,Lead,3,0,no,3,54,2,2763
b_item1365_set596_wit_lvl-15_comp6_t132_song111,1,b_item1365_set596_wit_lvl-15_comp6_t132_song111.wav,596,Bass,6,-15,yes,14,132,111,1365
b_item1365_set596_wit_lvl-10_comp6_t132_song111,1,b_item1365_set596_wit_lvl-10_comp6_t132_song111.wav,596,Bass,6,-10,yes,14,132,111,1365
b_item1365_set596_wit_lvl-5_comp6_t132_song111,1,b_item1365_set596_wit_lvl-5_comp6_t132_song111.wav,596,Bass,6,-5,yes,14,132,111,1365
b_item1365_set596_wit_lvl0_comp6_t132_song111,1,b_item1365_set596_wit_lvl0_comp6_t132_song111.wav,596,Bass,6,0,yes,14,132,111,1365
voc_item2456_set655_wot_lvl0_comp7_t174_song8,2,voc_item2456_set655_wot_lvl0_comp7_t174_song8.wav,655,Lead,6,0,no,1,174,8,2456
git_item2174_set667_wit_lvl-15_comp3_t12_song113,1,git_item2174_set667_wit_lvl-15_comp3_t12_song113.wav,667,Guitar,3,-15,yes,8,12,113,2174
git_item2174_set667_wit_lvl-10_comp3_t12_song113,1,git_item2174_set667_wit_lvl-10_comp3_t12_song113.wav,667,Guitar,3,-10,yes,8,12,113,2174
git_item2174_set667_wit_lvl-5_comp3_t12_song113,1,git_item2174_set667_wit_lvl-5_comp3_t12_song113.wav,667,Guitar,3,-5,yes,8,12,113,2174
git_item2174_set667_wit_lvl0_comp3_t12_song113,1,git_item2174_set667_wit_lvl0_comp3_t12_song113.wav,667,Guitar,3,0,yes,8,12,113,2174
git_item2195_set676_wit_lvl-15_comp3_t168_song45,1,git_item2195_set676_wit_lvl-15_comp3_t168_song45.wav,676,Guitar,3,-15,yes,8,168,45,2195
git_item2195_set676_wit_lvl-10_comp3_t168_song45,1,git_item2195_set676_wit_lvl-10_comp3_t168_song45.wav,676,Guitar,3,-10,yes,8,168,45,2195
git_item2195_set676_wit_lvl-5_comp3_t168_song45,1,git_item2195_set676_wit_lvl-5_comp3_t168_song45.wav,676,Guitar,3,-5,yes,8,168,45,2195
git_item2195_set676_wit_lvl0_comp3_t168_song45,1,git_item2195_set676_wit_lvl0_comp3_t168_song45.wav,676,Guitar,3,0,yes,8,168,45,2195
voc_item2996_set683_wot_lvl0_comp7_t106_song7,2,voc_item2996_set683_wot_lvl0_comp7_t106_song7.wav,683,Lead,6,0,no,1,106,7,2996
voc_item3032_set693_wit_lvl-15_comp6_t70_song52,1,voc_item3032_set693_wit_lvl-15_comp6_t70_song52.wav,693,Lead,6,-15,yes,2,70,52,3032
voc_item3032_set693_wit_lvl-10_comp6_t70_song52,1,voc_item3032_set693_wit_lvl-10_comp6_t70_song52.wav,693,Lead,6,-10,yes,2,70,52,3032
voc_item3032_set693_wit_lvl-5_comp6_t70_song52,1,voc_item3032_set693_wit_lvl-5_comp6_t70_song52.wav,693,Lead,6,-5,yes,2,70,52,3032
voc_item3032_set693_wit_lvl0_comp6_t70_song52,1,voc_item3032_set693_wit_lvl0_comp6_t70_song52.wav,693,Lead,6,0,yes,2,70,52,3032
voc_item3038_set696_wot_lvl0_comp4_t20_song57,2,voc_item3038_set696_wot_lvl0_comp4_t20_song57.wav,696,Lead,3,0,no,3,20,57,3038
git_item2284_set715_wot_lvl0_comp7_t152_song26,2,git_item2284_set715_wot_lvl0_comp7_t152_song26.wav,715,Guitar,6,0,no,5,152,26,2284
b_item1693_set741_wit_lvl-15_comp3_t350_song98,1,b_item1693_set741_wit_lvl-15_comp3_t350_song98.wav,741,Bass,3,-15,yes,16,350,98,1693
b_item1693_set741_wit_lvl-10_comp3_t350_song98,1,b_item1693_set741_wit_lvl-10_comp3_t350_song98.wav,741,Bass,3,-10,yes,16,350,98,1693
b_item1693_set741_wit_lvl-5_comp3_t350_song98,1,b_item1693_set741_wit_lvl-5_comp3_t350_song98.wav,741,Bass,3,-5,yes,16,350,98,1693
b_item1693_set741_wit_lvl0_comp3_t350_song98,1,b_item1693_set741_wit_lvl0_comp3_t350_song98.wav,741,Bass,3,0,yes,16,350,98,1693
b_item1751_set764_wot_lvl0_comp4_t64_song66,2,b_item1751_set764_wot_lvl0_comp4_t64_song66.wav,764,Bass,3,0,no,15,64,66,1751
b_item1754_set765_wot_lvl0_comp4_t46_song17,2,b_item1754_set765_wot_lvl0_comp4_t46_song17.wav,765,Bass,3,0,no,15,46,17,1754
git_item2403_set767_wot_lvl0_comp7_t184_song8,2,git_item2403_set767_wot_lvl0_comp7_t184_song8.wav,767,Guitar,6,0,no,5,184,8,2403
git_item2405_set769_wot_lvl0_comp7_t200_song13,2,git_item2405_set769_wot_lvl0_comp7_t200_song13.wav,769,Guitar,6,0,no,5,200,13,2405
b_item1770_set770_wit_lvl-15_comp6_t74_song53,1,b_item1770_set770_wit_lvl-15_comp6_t74_song53.wav,770,Bass,6,-15,yes,14,74,53,1770
b_item1770_set770_wit_lvl-10_comp6_t74_song53,1,b_item1770_set770_wit_lvl-10_comp6_t74_song53.wav,770,Bass,6,-10,yes,14,74,53,1770
b_item1770_set770_wit_lvl-5_comp6_t74_song53,1,b_item1770_set770_wit_lvl-5_comp6_t74_song53.wav,770,Bass,6,-5,yes,14,74,53,1770
b_item1770_set770_wit_lvl0_comp6_t74_song53,1,b_item1770_set770_wit_lvl0_comp6_t74_song53.wav,770,Bass,6,0,yes,14,74,53,1770
voc_item3199_set770_wot_lvl0_comp7_t214_song37,2,voc_item3199_set770_wot_lvl0_comp7_t214_song37.wav,770,Lead,6,0,no,1,214,37,3199
voc_item3211_set776_wit_lvl-15_comp6_t408_song5,1,voc_item3211_set776_wit_lvl-15_comp6_t408_song5.wav,776,Lead,6,-15,yes,2,408,5,3211
voc_item3211_set776_wit_lvl-10_comp6_t408_song5,1,voc_item3211_set776_wit_lvl-10_comp6_t408_song5.wav,776,Lead,6,-10,yes,2,408,5,3211
voc_item3211_set776_wit_lvl-5_comp6_t408_song5,1,voc_item3211_set776_wit_lvl-5_comp6_t408_song5.wav,776,Lead,6,-5,yes,2,408,5,3211
voc_item3211_set776_wit_lvl0_comp6_t408_song5,1,voc_item3211_set776_wit_lvl0_comp6_t408_song5.wav,776,Lead,6,0,yes,2,408,5,3211
git_item2420_set778_wot_lvl0_comp4_t50_song109,2,git_item2420_set778_wot_lvl0_comp4_t50_song109.wav,778,Guitar,3,0,no,7,50,109,2420
b_item1856_set809_wot_lvl0_comp4_t252_song25,2,b_item1856_set809_wot_lvl0_comp4_t252_song25.wav,809,Bass,3,0,no,15,252,25,1856
b_item1860_set811_wot_lvl0_comp4_t54_song74,2,b_item1860_set811_wot_lvl0_comp4_t54_song74.wav,811,Bass,3,0,no,15,54,74,1860
b_item1926_set833_wot_lvl0_comp7_t252_song97,2,b_item1926_set833_wot_lvl0_comp7_t252_song97.wav,833,Bass,6,0,no,13,252,97,1926
voc_item3352_set852_wit_lvl-15_comp3_t86_song36,1,voc_item3352_set852_wit_lvl-15_comp3_t86_song36.wav,852,Lead,3,-15,yes,4,86,36,3352
voc_item3352_set852_wit_lvl-10_comp3_t86_song36,1,voc_item3352_set852_wit_lvl-10_comp3_t86_song36.wav,852,Lead,3,-10,yes,4,86,36,3352
voc_item3352_set852_wit_lvl-5_comp3_t86_song36,1,voc_item3352_set852_wit_lvl-5_comp3_t86_song36.wav,852,Lead,3,-5,yes,4,86,36,3352
voc_item3352_set852_wit_lvl0_comp3_t86_song36,1,voc_item3352_set852_wit_lvl0_comp3_t86_song36.wav,852,Lead,3,0,yes,4,86,36,3352
git_item2628_set867_wit_lvl-15_comp3_t100_song112,1,git_item2628_set867_wit_lvl-15_comp3_t100_song112.wav,867,Guitar,3,-15,yes,8,100,112,2628
git_item2628_set867_wit_lvl-10_comp3_t100_song112,1,git_item2628_set867_wit_lvl-10_comp3_t100_song112.wav,867,Guitar,3,-10,yes,8,100,112,2628
git_item2628_set867_wit_lvl-5_comp3_t100_song112,1,git_item2628_set867_wit_lvl-5_comp3_t100_song112.wav,867,Guitar,3,-5,yes,8,100,112,2628
git_item2628_set867_wit_lvl0_comp3_t100_song112,1,git_item2628_set867_wit_lvl0_comp3_t100_song112.wav,867,Guitar,3,0,yes,8,100,112,2628
b_item2125_set895_wit_lvl-15_comp3_t16_song68,1,b_item2125_set895_wit_lvl-15_comp3_t16_song68.wav,895,Bass,3,-15,yes,16,16,68,2125
b_item2125_set895_wit_lvl-10_comp3_t16_song68,1,b_item2125_set895_wit_lvl-10_comp3_t16_song68.wav,895,Bass,3,-10,yes,16,16,68,2125
b_item2125_set895_wit_lvl-5_comp3_t16_song68,1,b_item2125_set895_wit_lvl-5_comp3_t16_song68.wav,895,Bass,3,-5,yes,16,16,68,2125
b_item2125_set895_wit_lvl0_comp3_t16_song68,1,b_item2125_set895_wit_lvl0_comp3_t16_song68.wav,895,Bass,3,0,yes,16,16,68,2125
voc_item3455_set902_wot_lvl0_comp7_t142_song102,2,voc_item3455_set902_wot_lvl0_comp7_t142_song102.wav,902,Lead,6,0,no,1,142,102,3455
voc_item3496_set919_wit_lvl-15_comp3_t194_song116,1,voc_item3496_set919_wit_lvl-15_comp3_t194_song116.wav,919,Lead,3,-15,yes,4,194,116,3496
voc_item3496_set919_wit_lvl-10_comp3_t194_song116,1,voc_item3496_set919_wit_lvl-10_comp3_t194_song116.wav,919,Lead,3,-10,yes,4,194,116,3496
voc_item3496_set919_wit_lvl-5_comp3_t194_song116,1,voc_item3496_set919_wit_lvl-5_comp3_t194_song116.wav,919,Lead,3,-5,yes,4,194,116,3496
voc_item3496_set919_wit_lvl0_comp3_t194_song116,1,voc_item3496_set919_wit_lvl0_comp3_t194_song116.wav,919,Lead,3,0,yes,4,194,116,3496
b_item2234_set922_wot_lvl0_comp7_t110_song83,2,b_item2234_set922_wot_lvl0_comp7_t110_song83.wav,922,Bass,6,0,no,13,110,83,2234
voc_item3510_set924_wit_lvl-15_comp3_t120_song87,1,voc_item3510_set924_wit_lvl-15_comp3_t120_song87.wav,924,Lead,3,-15,yes,4,120,87,3510
voc_item3510_set924_wit_lvl-10_comp3_t120_song87,1,voc_item3510_set924_wit_lvl-10_comp3_t120_song87.wav,924,Lead,3,-10,yes,4,120,87,3510
voc_item3510_set924_wit_lvl-5_comp3_t120_song87,1,voc_item3510_set924_wit_lvl-5_comp3_t120_song87.wav,924,Lead,3,-5,yes,4,120,87,3510
voc_item3510_set924_wit_lvl0_comp3_t120_song87,1,voc_item3510_set924_wit_lvl0_comp3_t120_song87.wav,924,Lead,3,0,yes,4,120,87,3510
git_item2876_set943_wit_lvl-15_comp6_t138_song33,1,git_item2876_set943_wit_lvl-15_comp6_t138_song33.wav,943,Guitar,6,-15,yes,6,138,33,2876
git_item2876_set943_wit_lvl-10_comp6_t138_song33,1,git_item2876_set943_wit_lvl-10_comp6_t138_song33.wav,943,Guitar,6,-10,yes,6,138,33,2876
git_item2876_set943_wit_lvl-5_comp6_t138_song33,1,git_item2876_set943_wit_lvl-5_comp6_t138_song33.wav,943,Guitar,6,-5,yes,6,138,33,2876
git_item2876_set943_wit_lvl0_comp6_t138_song33,1,git_item2876_set943_wit_lvl0_comp6_t138_song33.wav,943,Guitar,6,0,yes,6,138,33,2876
git_item2882_set945_wot_lvl0_comp7_t130_song32,2,git_item2882_set945_wot_lvl0_comp7_t130_song32.wav,945,Guitar,6,0,no,5,130,32,2882
b_item2486_set961_wit_lvl-15_comp6_t180_song37,1,b_item2486_set961_wit_lvl-15_comp6_t180_song37.wav,961,Bass,6,-15,yes,14,180,37,2486
b_item2486_set961_wit_lvl-10_comp6_t180_song37,1,b_item2486_set961_wit_lvl-10_comp6_t180_song37.wav,961,Bass,6,-10,yes,14,180,37,2486
b_item2486_set961_wit_lvl-5_comp6_t180_song37,1,b_item2486_set961_wit_lvl-5_comp6_t180_song37.wav,961,Bass,6,-5,yes,14,180,37,2486
b_item2486_set961_wit_lvl0_comp6_t180_song37,1,b_item2486_set961_wit_lvl0_comp6_t180_song37.wav,961,Bass,6,0,yes,14,180,37,2486
voc_item3644_set974_wot_lvl0_comp7_t168_song31,2,voc_item3644_set974_wot_lvl0_comp7_t168_song31.wav,974,Lead,6,0,no,1,168,31,3644
git_item3131_set976_wit_lvl-15_comp6_t226_song101,1,git_item3131_set976_wit_lvl-15_comp6_t226_song101.wav,976,Guitar,6,-15,yes,6,226,101,3131
git_item3131_set976_wit_lvl-10_comp6_t226_song101,1,git_item3131_set976_wit_lvl-10_comp6_t226_song101.wav,976,Guitar,6,-10,yes,6,226,101,3131
git_item3131_set976_wit_lvl-5_comp6_t226_song101,1,git_item3131_set976_wit_lvl-5_comp6_t226_song101.wav,976,Guitar,6,-5,yes,6,226,101,3131
git_item3131_set976_wit_lvl0_comp6_t226_song101,1,git_item3131_set976_wit_lvl0_comp6_t226_song101.wav,976,Guitar,6,0,yes,6,226,101,3131
git_item3230_set987_wit_lvl-15_comp6_t130_song39,1,git_item3230_set987_wit_lvl-15_comp6_t130_song39.wav,987,Guitar,6,-15,yes,6,130,39,3230
git_item3230_set987_wit_lvl-10_comp6_t130_song39,1,git_item3230_set987_wit_lvl-10_comp6_t130_song39.wav,987,Guitar,6,-10,yes,6,130,39,3230
git_item3230_set987_wit_lvl-5_comp6_t130_song39,1,git_item3230_set987_wit_lvl-5_comp6_t130_song39.wav,987,Guitar,6,-5,yes,6,130,39,3230
git_item3230_set987_wit_lvl0_comp6_t130_song39,1,git_item3230_set987_wit_lvl0_comp6_t130_song39.wav,987,Guitar,6,0,yes,6,130,39,3230
git_item3250_set988_wit_lvl-15_comp6_t232_song34,1,git_item3250_set988_wit_lvl-15_comp6_t232_song34.wav,988,Guitar,6,-15,yes,6,232,34,3250
git_item3250_set988_wit_lvl-10_comp6_t232_song34,1,git_item3250_set988_wit_lvl-10_comp6_t232_song34.wav,988,Guitar,6,-10,yes,6,232,34,3250
git_item3250_set988_wit_lvl-5_comp6_t232_song34,1,git_item3250_set988_wit_lvl-5_comp6_t232_song34.wav,988,Guitar,6,-5,yes,6,232,34,3250
git_item3250_set988_wit_lvl0_comp6_t232_song34,1,git_item3250_set988_wit_lvl0_comp6_t232_song34.wav,988,Guitar,6,0,yes,6,232,34,3250
git_item3323_set1000_wot_lvl0_comp7_t430_song5,2,git_item3323_set1000_wot_lvl0_comp7_t430_song5.wav,1000,Guitar,6,0,no,5,430,5,3323
b_item2934_set1004_wit_lvl-15_comp6_t138_song49,1,b_item2934_set1004_wit_lvl-15_comp6_t138_song49.wav,1004,Bass,6,-15,yes,14,138,49,2934
b_item2934_set1004_wit_lvl-10_comp6_t138_song49,1,b_item2934_set1004_wit_lvl-10_comp6_t138_song49.wav,1004,Bass,6,-10,yes,14,138,49,2934
b_item2934_set1004_wit_lvl-5_comp6_t138_song49,1,b_item2934_set1004_wit_lvl-5_comp6_t138_song49.wav,1004,Bass,6,-5,yes,14,138,49,2934
b_item2934_set1004_wit_lvl0_comp6_t138_song49,1,b_item2934_set1004_wit_lvl0_comp6_t138_song49.wav,1004,Bass,6,0,yes,14,138,49,2934
b_item2972_set1012_wit_lvl-15_comp6_t212_song26,1,b_item2972_set1012_wit_lvl-15_comp6_t212_song26.wav,1012,Bass,6,-15,yes,14,212,26,2972
b_item2972_set1012_wit_lvl-10_comp6_t212_song26,1,b_item2972_set1012_wit_lvl-10_comp6_t212_song26.wav,1012,Bass,6,-10,yes,14,212,26,2972
b_item2972_set1012_wit_lvl-5_comp6_t212_song26,1,b_item2972_set1012_wit_lvl-5_comp6_t212_song26.wav,1012,Bass,6,-5,yes,14,212,26,2972
b_item2972_set1012_wit_lvl0_comp6_t212_song26,1,b_item2972_set1012_wit_lvl0_comp6_t212_song26.wav,1012,Bass,6,0,yes,14,212,26,2972
b_item3035_set1029_wot_lvl0_comp7_t166_song7,2,b_item3035_set1029_wot_lvl0_comp7_t166_song7.wav,1029,Bass,6,0,no,13,166,7,3035
git_item3626_set1047_wit_lvl-10_comp6_t36_song1,1,git_item3626_set1047_wit_lvl-10_comp6_t36_song1.wav,1047,Guitar,6,-10,yes,6,36,1,3626
git_item3626_set1047_wit_lvl-5_comp6_t36_song1,1,git_item3626_set1047_wit_lvl-5_comp6_t36_song1.wav,1047,Guitar,6,-5,yes,6,36,1,3626
git_item3626_set1047_wit_lvl0_comp6_t36_song1,1,git_item3626_set1047_wit_lvl0_comp6_t36_song1.wav,1047,Guitar,6,0,yes,6,36,1,3626
git_item3626_set1047_wit_lvl-15_comp6_t36_song1,1,git_item3626_set1047_wit_lvl-15_comp6_t36_song1.wav,1047,Guitar,6,-15,yes,6,36,1,3626
b_item3241_set1062_wit_lvl-15_comp6_t174_song35,1,b_item3241_set1062_wit_lvl-15_comp6_t174_song35.wav,1062,Bass,6,-15,yes,14,174,35,3241
b_item3241_set1062_wit_lvl-10_comp6_t174_song35,1,b_item3241_set1062_wit_lvl-10_comp6_t174_song35.wav,1062,Bass,6,-10,yes,14,174,35,3241
b_item3241_set1062_wit_lvl-5_comp6_t174_song35,1,b_item3241_set1062_wit_lvl-5_comp6_t174_song35.wav,1062,Bass,6,-5,yes,14,174,35,3241
b_item3241_set1062_wit_lvl0_comp6_t174_song35,1,b_item3241_set1062_wit_lvl0_comp6_t174_song35.wav,1062,Bass,6,0,yes,14,174,35,3241
git_item3724_set1064_wit_lvl-15_comp6_t194_song38,1,git_item3724_set1064_wit_lvl-15_comp6_t194_song38.wav,1064,Guitar,6,-15,yes,6,194,38,3724
git_item3724_set1064_wit_lvl-10_comp6_t194_song38,1,git_item3724_set1064_wit_lvl-10_comp6_t194_song38.wav,1064,Guitar,6,-10,yes,6,194,38,3724
git_item3724_set1064_wit_lvl-5_comp6_t194_song38,1,git_item3724_set1064_wit_lvl-5_comp6_t194_song38.wav,1064,Guitar,6,-5,yes,6,194,38,3724
git_item3724_set1064_wit_lvl0_comp6_t194_song38,1,git_item3724_set1064_wit_lvl0_comp6_t194_song38.wav,1064,Guitar,6,0,yes,6,194,38,3724
git_item3763_set1074_wot_lvl0_comp7_t198_song27,2,git_item3763_set1074_wot_lvl0_comp7_t198_song27.wav,1074,Guitar,6,0,no,5,198,27,3763
git_item3791_set1078_wot_lvl0_comp7_t166_song31,2,git_item3791_set1078_wot_lvl0_comp7_t166_song31.wav,1078,Guitar,6,0,no,5,166,31,3791
git_item3842_set1090_wot_lvl0_comp7_t274_song14,2,git_item3842_set1090_wot_lvl0_comp7_t274_song14.wav,1090,Guitar,6,0,no,5,274,14,3842
b_item3427_set1102_wot_lvl0_comp7_t216_song101,2,b_item3427_set1102_wot_lvl0_comp7_t216_song101.wav,1102,Bass,6,0,no,13,216,101,3427
b_item3589_set1138_wit_lvl-15_comp6_t82_song1,1,b_item3589_set1138_wit_lvl-15_comp6_t82_song1.wav,1138,Bass,6,-15,yes,14,82,1,3589
b_item3589_set1138_wit_lvl-10_comp6_t82_song1,1,b_item3589_set1138_wit_lvl-10_comp6_t82_song1.wav,1138,Bass,6,-10,yes,14,82,1,3589
b_item3589_set1138_wit_lvl-5_comp6_t82_song1,1,b_item3589_set1138_wit_lvl-5_comp6_t82_song1.wav,1138,Bass,6,-5,yes,14,82,1,3589
b_item3589_set1138_wit_lvl0_comp6_t82_song1,1,b_item3589_set1138_wit_lvl0_comp6_t82_song1.wav,1138,Bass,6,0,yes,14,82,1,3589
b_item3621_set1149_wot_lvl0_comp7_t232_song104,2,b_item3621_set1149_wot_lvl0_comp7_t232_song104.wav,1149,Bass,6,0,no,13,232,104,3621
b_item3622_set1150_wot_lvl0_comp7_t182_song31,2,b_item3622_set1150_wot_lvl0_comp7_t182_song31.wav,1150,Bass,6,0,no,13,182,31,3622
b_item3645_set1158_wot_lvl0_comp7_t306_song14,2,b_item3645_set1158_wot_lvl0_comp7_t306_song14.wav,1158,Bass,6,0,no,13,306,14,3645
b_item3683_set1169_wit_lvl-15_comp6_t210_song84,1,b_item3683_set1169_wit_lvl-15_comp6_t210_song84.wav,1169,Bass,6,-15,yes,14,210,84,3683
b_item3683_set1169_wit_lvl-10_comp6_t210_song84,1,b_item3683_set1169_wit_lvl-10_comp6_t210_song84.wav,1169,Bass,6,-10,yes,14,210,84,3683
b_item3683_set1169_wit_lvl-5_comp6_t210_song84,1,b_item3683_set1169_wit_lvl-5_comp6_t210_song84.wav,1169,Bass,6,-5,yes,14,210,84,3683
b_item3683_set1169_wit_lvl0_comp6_t210_song84,1,b_item3683_set1169_wit_lvl0_comp6_t210_song84.wav,1169,Bass,6,0,yes,14,210,84,3683
b_item3691_set1173_wot_lvl0_comp7_t130_song102,2,b_item3691_set1173_wot_lvl0_comp7_t130_song102.wav,1173,Bass,6,0,no,13,130,102,3691
