item_number,correct,audio_file,set_nr,level,target_instrument,complexity,with_target_in_mix,condition,time_song,song_nr,item_nr,practice_item,old_audio_file_name
voc_Item3567_set948_wit_lvl0_comp6_t230_song14,1,voc_Item3567_set948_wit_lvl0_comp6_t230_song14.wav,948,0,Lead,6,yes,13,230,14,3567,yes,Lead_ItemNr(3567)_SetNr(948)_WiT_Level(0)_Complexity(6)_Time(230)_SongNr(14).wav
b_Item501_set206_wit_lvl0_comp3_t310_song18,1,b_Item501_set206_wit_lvl0_comp3_t310_song18.wav,206,-15,Bass,3,yes,36,310,18,501,yes,Bass_ItemNr(501)_SetNr(206)_WiT_Level(0)_Complexity(3)_Time(310)_SongNr(18).wav
git_Item1536_set469_wit_lvl-15_comp3_t158_song46,1,git_Item1536_set469_wit_lvl-15_comp3_t158_song46.wav,469,0,Guitar,3,yes,10,159,46,1536,yes,Guitar_ItemNr(1536)_SetNr(469)_WiT_Level(-15)_Complexity(3)_Time(158)_SongNr(46).wav
voc_Item2436_set462_wit_lvl0_comp3_t350_song5,1,voc_Item2436_set462_wit_lvl0_comp3_t350_song5.wav,462,0,Lead,3,yes,9,350,5,2436,yes,Lead_ItemNr(2436)_SetNr(462)_WiT_Level(0)_Complexity(3)_Time(350)_SongNr(5).wav
voc_Item2330_set427_wot_lvl0_comp7_t100_song19-exception,1,voc_Item2330_set427_wot_lvl0_comp7_t100_song19.wav,427,0,Lead,6,yes,13,100,19,2330,yes,Lead_ItemNr(2330)_SetNr(427)_WoT_Level(0)_Complexity(7)_Time(100)_SongNr(19).wav
voc_Item3228_set786_wot_lvl0_comp4_t32_song16,2,voc_Item3228_set786_wot_lvl0_comp4_t32_song16.wav,786,0,Lead,3,no,1,32,16,3228,yes,Lead_ItemNr(3228)_SetNr(786)_WoT_Level(0)_Complexity(4)_Time(32)_SongNr(16).wav
voc_Item3403_set877_wot_lvl0_comp4_t62_song94,2,voc_Item3403_set877_wot_lvl0_comp4_t62_song94.wav,877,0,Lead,3,no,1,62,94,3403,yes,Lead_ItemNr(3403)_SetNr(877)_WoT_Level(0)_Complexity(4)_Time(62)_SongNr(94).wav
voc_item2577_set518_wit_lvl-15_comp6_t46_song97,1,voc_item2577_set518_wit_lvl-15_comp6_t46_song97.wav,518,-15,Lead,6,yes,37,46,97,2577,no,Lead_ItemNr(2577)_SetNr(518)_WiT_Level(-15)_Complexity(6)_Time(46)_SongNr(97).wav
voc_item2577_set518_wit_lvl-10_comp6_t46_song97,1,voc_item2577_set518_wit_lvl-10_comp6_t46_song97.wav,518,-10,Lead,6,yes,29,46,97,2577,no,Lead_ItemNr(2577)_SetNr(518)_WiT_Level(-15)_Complexity(6)_Time(46)_SongNr(97).wav
voc_item2577_set518_wit_lvl-5_comp6_t46_song97,1,voc_item2577_set518_wit_lvl-5_comp6_t46_song97.wav,518,-5,Lead,6,yes,17,46,97,2577,no,Lead_ItemNr(2577)_SetNr(518)_WiT_Level(-15)_Complexity(6)_Time(46)_SongNr(97).wav
voc_item2577_set518_wit_lvl0_comp6_t46_song97,1,voc_item2577_set518_wit_lvl0_comp6_t46_song97.wav,518,0,Lead,6,yes,13,46,97,2577,no,Lead_ItemNr(2577)_SetNr(518)_WiT_Level(-15)_Complexity(6)_Time(46)_SongNr(97).wav
voc_item3032_set693_wit_lvl-15_comp6_t70_song52,1,voc_item3032_set693_wit_lvl-15_comp6_t70_song52.wav,693,-15,Lead,6,yes,37,70,52,3032,no,Lead_ItemNr(3032)_SetNr(693)_WiT_Level(-15)_Complexity(6)_Time(70)_SongNr(52).wav
voc_item3032_set693_wit_lvl-10_comp6_t70_song52,1,voc_item3032_set693_wit_lvl-10_comp6_t70_song52.wav,693,-10,Lead,6,yes,29,70,52,3032,no,Lead_ItemNr(3032)_SetNr(693)_WiT_Level(-15)_Complexity(6)_Time(70)_SongNr(52).wav
voc_item3032_set693_wit_lvl-5_comp6_t70_song52,1,voc_item3032_set693_wit_lvl-5_comp6_t70_song52.wav,693,-5,Lead,6,yes,17,70,52,3032,no,Lead_ItemNr(3032)_SetNr(693)_WiT_Level(-15)_Complexity(6)_Time(70)_SongNr(52).wav
voc_item3032_set693_wit_lvl0_comp6_t70_song52,1,voc_item3032_set693_wit_lvl0_comp6_t70_song52.wav,693,0,Lead,6,yes,13,70,52,3032,no,Lead_ItemNr(3032)_SetNr(693)_WiT_Level(-15)_Complexity(6)_Time(70)_SongNr(52).wav
voc_item181_set035_wit_lvl-15_comp6_t102_song49,1,voc_item181_set035_wit_lvl-15_comp6_t102_song49.wav,35,-15,Lead,6,yes,37,102,49,181,no,Lead_ItemNr(181)_SetNr(035)_WiT_Level(-15)_Complexity(6)_Time(102)_SongNr(49).wav
voc_item181_set035_wit_lvl-10_comp6_t102_song49,1,voc_item181_set035_wit_lvl-10_comp6_t102_song49.wav,35,-10,Lead,6,yes,29,102,49,181,no,Lead_ItemNr(181)_SetNr(035)_WiT_Level(-15)_Complexity(6)_Time(102)_SongNr(49).wav
voc_item181_set035_wit_lvl-5_comp6_t102_song49,1,voc_item181_set035_wit_lvl-5_comp6_t102_song49.wav,35,-5,Lead,6,yes,17,102,49,181,no,Lead_ItemNr(181)_SetNr(035)_WiT_Level(-15)_Complexity(6)_Time(102)_SongNr(49).wav
voc_item181_set035_wit_lvl0_comp6_t102_song49,1,voc_item181_set035_wit_lvl0_comp6_t102_song49.wav,35,0,Lead,6,yes,13,102,49,181,no,Lead_ItemNr(181)_SetNr(035)_WiT_Level(-15)_Complexity(6)_Time(102)_SongNr(49).wav
voc_item253_set049_wit_lvl-15_comp6_t102_song53,1,voc_item253_set049_wit_lvl-15_comp6_t102_song53.wav,49,-15,Lead,6,yes,37,102,53,253,no,Lead_ItemNr(253)_SetNr(049)_WiT_Level(-15)_Complexity(6)_Time(102)_SongNr(53).wav
voc_item253_set049_wit_lvl-10_comp6_t102_song53,1,voc_item253_set049_wit_lvl-10_comp6_t102_song53.wav,49,-10,Lead,6,yes,29,102,53,253,no,Lead_ItemNr(253)_SetNr(049)_WiT_Level(-15)_Complexity(6)_Time(102)_SongNr(53).wav
voc_item253_set049_wit_lvl-5_comp6_t102_song53,1,voc_item253_set049_wit_lvl-5_comp6_t102_song53.wav,49,-5,Lead,6,yes,17,102,53,253,no,Lead_ItemNr(253)_SetNr(049)_WiT_Level(-15)_Complexity(6)_Time(102)_SongNr(53).wav
voc_item253_set049_wit_lvl0_comp6_t102_song53,1,voc_item253_set049_wit_lvl0_comp6_t102_song53.wav,49,0,Lead,6,yes,13,102,53,253,no,Lead_ItemNr(253)_SetNr(049)_WiT_Level(-15)_Complexity(6)_Time(102)_SongNr(53).wav
voc_item933_set165_wit_lvl-15_comp6_t110_song33,1,voc_item933_set165_wit_lvl-15_comp6_t110_song33.wav,165,-15,Lead,6,yes,37,110,33,933,no,Lead_ItemNr(933)_SetNr(165)_WiT_Level(-15)_Complexity(6)_Time(110)_SongNr(33).wav
voc_item933_set165_wit_lvl-10_comp6_t110_song33,1,voc_item933_set165_wit_lvl-10_comp6_t110_song33.wav,165,-10,Lead,6,yes,29,110,33,933,no,Lead_ItemNr(933)_SetNr(165)_WiT_Level(-15)_Complexity(6)_Time(110)_SongNr(33).wav
voc_item933_set165_wit_lvl-5_comp6_t110_song33,1,voc_item933_set165_wit_lvl-5_comp6_t110_song33.wav,165,-5,Lead,6,yes,17,110,33,933,no,Lead_ItemNr(933)_SetNr(165)_WiT_Level(-15)_Complexity(6)_Time(110)_SongNr(33).wav
voc_item933_set165_wit_lvl0_comp6_t110_song33,1,voc_item933_set165_wit_lvl0_comp6_t110_song33.wav,165,0,Lead,6,yes,13,110,33,933,no,Lead_ItemNr(933)_SetNr(165)_WiT_Level(-15)_Complexity(6)_Time(110)_SongNr(33).wav
voc_item594_set105_wit_lvl-15_comp6_t140_song48,1,voc_item594_set105_wit_lvl-15_comp6_t140_song48.wav,105,-15,Lead,6,yes,37,140,48,594,no,Lead_ItemNr(594)_SetNr(105)_WiT_Level(-15)_Complexity(6)_Time(140)_SongNr(48).wav
voc_item594_set105_wit_lvl-10_comp6_t140_song48,1,voc_item594_set105_wit_lvl-10_comp6_t140_song48.wav,105,-10,Lead,6,yes,29,140,48,594,no,Lead_ItemNr(594)_SetNr(105)_WiT_Level(-15)_Complexity(6)_Time(140)_SongNr(48).wav
voc_item594_set105_wit_lvl-5_comp6_t140_song48,1,voc_item594_set105_wit_lvl-5_comp6_t140_song48.wav,105,-5,Lead,6,yes,17,140,48,594,no,Lead_ItemNr(594)_SetNr(105)_WiT_Level(-15)_Complexity(6)_Time(140)_SongNr(48).wav
voc_item594_set105_wit_lvl0_comp6_t140_song48,1,voc_item594_set105_wit_lvl0_comp6_t140_song48.wav,105,0,Lead,6,yes,13,140,48,594,no,Lead_ItemNr(594)_SetNr(105)_WiT_Level(-15)_Complexity(6)_Time(140)_SongNr(48).wav
voc_item2639_set536_wit_lvl-15_comp6_t172_song39,1,voc_item2639_set536_wit_lvl-15_comp6_t172_song39.wav,536,-15,Lead,6,yes,37,172,39,2639,no,Lead_ItemNr(2639)_SetNr(536)_WiT_Level(-15)_Complexity(6)_Time(172)_SongNr(39).wav
voc_item2639_set536_wit_lvl-10_comp6_t172_song39,1,voc_item2639_set536_wit_lvl-10_comp6_t172_song39.wav,536,-10,Lead,6,yes,29,172,39,2639,no,Lead_ItemNr(2639)_SetNr(536)_WiT_Level(-15)_Complexity(6)_Time(172)_SongNr(39).wav
voc_item2639_set536_wit_lvl-5_comp6_t172_song39,1,voc_item2639_set536_wit_lvl-5_comp6_t172_song39.wav,536,-5,Lead,6,yes,17,172,39,2639,no,Lead_ItemNr(2639)_SetNr(536)_WiT_Level(-15)_Complexity(6)_Time(172)_SongNr(39).wav
voc_item2639_set536_wit_lvl0_comp6_t172_song39,1,voc_item2639_set536_wit_lvl0_comp6_t172_song39.wav,536,0,Lead,6,yes,13,172,39,2639,no,Lead_ItemNr(2639)_SetNr(536)_WiT_Level(-15)_Complexity(6)_Time(172)_SongNr(39).wav
voc_item2549_set507_wit_lvl-15_comp6_t186_song111,1,voc_item2549_set507_wit_lvl-15_comp6_t186_song111.wav,507,-15,Lead,6,yes,37,186,111,2549,no,Lead_ItemNr(2549)_SetNr(507)_WiT_Level(-15)_Complexity(6)_Time(186)_SongNr(111).wav
voc_item2549_set507_wit_lvl-10_comp6_t186_song111,1,voc_item2549_set507_wit_lvl-10_comp6_t186_song111.wav,507,-10,Lead,6,yes,29,186,111,2549,no,Lead_ItemNr(2549)_SetNr(507)_WiT_Level(-15)_Complexity(6)_Time(186)_SongNr(111).wav
voc_item2549_set507_wit_lvl-5_comp6_t186_song111,1,voc_item2549_set507_wit_lvl-5_comp6_t186_song111.wav,507,-5,Lead,6,yes,17,186,111,2549,no,Lead_ItemNr(2549)_SetNr(507)_WiT_Level(-15)_Complexity(6)_Time(186)_SongNr(111).wav
voc_item2549_set507_wit_lvl0_comp6_t186_song111,1,voc_item2549_set507_wit_lvl0_comp6_t186_song111.wav,507,0,Lead,6,yes,13,186,111,2549,no,Lead_ItemNr(2549)_SetNr(507)_WiT_Level(-15)_Complexity(6)_Time(186)_SongNr(111).wav
voc_item2528_set496_wit_lvl-15_comp6_t232_song14,1,voc_item2528_set496_wit_lvl-15_comp6_t232_song14.wav,496,-15,Lead,6,yes,37,232,14,2528,no,Lead_ItemNr(2528)_SetNr(496)_WiT_Level(-15)_Complexity(6)_Time(232)_SongNr(14).wav
voc_item2528_set496_wit_lvl-10_comp6_t232_song14,1,voc_item2528_set496_wit_lvl-10_comp6_t232_song14.wav,496,-10,Lead,6,yes,29,232,14,2528,no,Lead_ItemNr(2528)_SetNr(496)_WiT_Level(-15)_Complexity(6)_Time(232)_SongNr(14).wav
voc_item2528_set496_wit_lvl-5_comp6_t232_song14,1,voc_item2528_set496_wit_lvl-5_comp6_t232_song14.wav,496,-5,Lead,6,yes,17,232,14,2528,no,Lead_ItemNr(2528)_SetNr(496)_WiT_Level(-15)_Complexity(6)_Time(232)_SongNr(14).wav
voc_item2528_set496_wit_lvl0_comp6_t232_song14,1,voc_item2528_set496_wit_lvl0_comp6_t232_song14.wav,496,0,Lead,6,yes,13,232,14,2528,no,Lead_ItemNr(2528)_SetNr(496)_WiT_Level(-15)_Complexity(6)_Time(232)_SongNr(14).wav
voc_item3211_set776_wit_lvl-15_comp6_t408_song5,1,voc_item3211_set776_wit_lvl-15_comp6_t408_song5.wav,776,-15,Lead,6,yes,37,408,5,3211,no,Lead_ItemNr(3211)_SetNr(776)_WiT_Level(-15)_Complexity(6)_Time(408)_SongNr(5).wav
voc_item3211_set776_wit_lvl-10_comp6_t408_song5,1,voc_item3211_set776_wit_lvl-10_comp6_t408_song5.wav,776,-10,Lead,6,yes,29,408,5,3211,no,Lead_ItemNr(3211)_SetNr(776)_WiT_Level(-15)_Complexity(6)_Time(408)_SongNr(5).wav
voc_item3211_set776_wit_lvl-5_comp6_t408_song5,1,voc_item3211_set776_wit_lvl-5_comp6_t408_song5.wav,776,-5,Lead,6,yes,17,408,5,3211,no,Lead_ItemNr(3211)_SetNr(776)_WiT_Level(-15)_Complexity(6)_Time(408)_SongNr(5).wav
voc_item3211_set776_wit_lvl0_comp6_t408_song5,1,voc_item3211_set776_wit_lvl0_comp6_t408_song5.wav,776,0,Lead,6,yes,13,408,5,3211,no,Lead_ItemNr(3211)_SetNr(776)_WiT_Level(-15)_Complexity(6)_Time(408)_SongNr(5).wav
voc_item2389_set447_wit_lvl-15_comp3_t20_song21,1,voc_item2389_set447_wit_lvl-15_comp3_t20_song21.wav,447,-15,Lead,3,yes,33,20,21,2389,no,Lead_ItemNr(2389)_SetNr(447)_WiT_Level(-15)_Complexity(3)_Time(20)_SongNr(21).wav
voc_item2389_set447_wit_lvl-10_comp3_t20_song21,1,voc_item2389_set447_wit_lvl-10_comp3_t20_song21.wav,447,-10,Lead,3,yes,25,20,21,2389,no,Lead_ItemNr(2389)_SetNr(447)_WiT_Level(-15)_Complexity(3)_Time(20)_SongNr(21).wav
voc_item2389_set447_wit_lvl-5_comp3_t20_song21,1,voc_item2389_set447_wit_lvl-5_comp3_t20_song21.wav,447,-5,Lead,3,yes,21,20,21,2389,no,Lead_ItemNr(2389)_SetNr(447)_WiT_Level(-15)_Complexity(3)_Time(20)_SongNr(21).wav
voc_item2389_set447_wit_lvl0_comp3_t20_song21,1,voc_item2389_set447_wit_lvl0_comp3_t20_song21.wav,447,0,Lead,3,yes,9,20,21,2389,no,Lead_ItemNr(2389)_SetNr(447)_WiT_Level(-15)_Complexity(3)_Time(20)_SongNr(21).wav
voc_item1261_set217_wit_lvl-15_comp3_t38_song71,1,voc_item1261_set217_wit_lvl-15_comp3_t38_song71.wav,217,-15,Lead,3,yes,33,38,71,1261,no,Lead_ItemNr(1261)_SetNr(217)_WiT_Level(-15)_Complexity(3)_Time(38)_SongNr(71).wav
voc_item1261_set217_wit_lvl-10_comp3_t38_song71,1,voc_item1261_set217_wit_lvl-10_comp3_t38_song71.wav,217,-10,Lead,3,yes,25,38,71,1261,no,Lead_ItemNr(1261)_SetNr(217)_WiT_Level(-15)_Complexity(3)_Time(38)_SongNr(71).wav
voc_item1261_set217_wit_lvl-5_comp3_t38_song71,1,voc_item1261_set217_wit_lvl-5_comp3_t38_song71.wav,217,-5,Lead,3,yes,21,38,71,1261,no,Lead_ItemNr(1261)_SetNr(217)_WiT_Level(-15)_Complexity(3)_Time(38)_SongNr(71).wav
voc_item1261_set217_wit_lvl0_comp3_t38_song71,1,voc_item1261_set217_wit_lvl0_comp3_t38_song71.wav,217,0,Lead,3,yes,9,38,71,1261,no,Lead_ItemNr(1261)_SetNr(217)_WiT_Level(-15)_Complexity(3)_Time(38)_SongNr(71).wav
voc_item180_set034_wit_lvl-15_comp3_t50_song51,1,voc_item180_set034_wit_lvl-15_comp3_t50_song51.wav,34,-15,Lead,3,yes,33,50,51,180,no,Lead_ItemNr(180)_SetNr(034)_WiT_Level(-15)_Complexity(3)_Time(50)_SongNr(51).wav
voc_item180_set034_wit_lvl-10_comp3_t50_song51,1,voc_item180_set034_wit_lvl-10_comp3_t50_song51.wav,34,-10,Lead,3,yes,25,50,51,180,no,Lead_ItemNr(180)_SetNr(034)_WiT_Level(-15)_Complexity(3)_Time(50)_SongNr(51).wav
voc_item180_set034_wit_lvl-5_comp3_t50_song51,1,voc_item180_set034_wit_lvl-5_comp3_t50_song51.wav,34,-5,Lead,3,yes,21,50,51,180,no,Lead_ItemNr(180)_SetNr(034)_WiT_Level(-15)_Complexity(3)_Time(50)_SongNr(51).wav
voc_item180_set034_wit_lvl0_comp3_t50_song51,1,voc_item180_set034_wit_lvl0_comp3_t50_song51.wav,34,0,Lead,3,yes,9,50,51,180,no,Lead_ItemNr(180)_SetNr(034)_WiT_Level(-15)_Complexity(3)_Time(50)_SongNr(51).wav
voc_item1535_set258_wit_lvl-15_comp3_t52_song93,1,voc_item1535_set258_wit_lvl-15_comp3_t52_song93.wav,258,-15,Lead,3,yes,33,52,93,1535,no,Lead_ItemNr(1535)_SetNr(258)_WiT_Level(-15)_Complexity(3)_Time(52)_SongNr(93).wav
voc_item1535_set258_wit_lvl-10_comp3_t52_song93,1,voc_item1535_set258_wit_lvl-10_comp3_t52_song93.wav,258,-10,Lead,3,yes,25,52,93,1535,no,Lead_ItemNr(1535)_SetNr(258)_WiT_Level(-15)_Complexity(3)_Time(52)_SongNr(93).wav
voc_item1535_set258_wit_lvl-5_comp3_t52_song93,1,voc_item1535_set258_wit_lvl-5_comp3_t52_song93.wav,258,-5,Lead,3,yes,21,52,93,1535,no,Lead_ItemNr(1535)_SetNr(258)_WiT_Level(-15)_Complexity(3)_Time(52)_SongNr(93).wav
voc_item1535_set258_wit_lvl0_comp3_t52_song93,1,voc_item1535_set258_wit_lvl0_comp3_t52_song93.wav,258,0,Lead,3,yes,9,52,93,1535,no,Lead_ItemNr(1535)_SetNr(258)_WiT_Level(-15)_Complexity(3)_Time(52)_SongNr(93).wav
voc_item3352_set852_wit_lvl-15_comp3_t86_song36,1,voc_item3352_set852_wit_lvl-15_comp3_t86_song36.wav,852,-15,Lead,3,yes,33,86,36,3352,no,Lead_ItemNr(3352)_SetNr(852)_WiT_Level(-15)_Complexity(3)_Time(86)_SongNr(36).wav
voc_item3352_set852_wit_lvl-10_comp3_t86_song36,1,voc_item3352_set852_wit_lvl-10_comp3_t86_song36.wav,852,-10,Lead,3,yes,25,86,36,3352,no,Lead_ItemNr(3352)_SetNr(852)_WiT_Level(-15)_Complexity(3)_Time(86)_SongNr(36).wav
voc_item3352_set852_wit_lvl-5_comp3_t86_song36,1,voc_item3352_set852_wit_lvl-5_comp3_t86_song36.wav,852,-5,Lead,3,yes,21,86,36,3352,no,Lead_ItemNr(3352)_SetNr(852)_WiT_Level(-15)_Complexity(3)_Time(86)_SongNr(36).wav
voc_item3352_set852_wit_lvl0_comp3_t86_song36,1,voc_item3352_set852_wit_lvl0_comp3_t86_song36.wav,852,0,Lead,3,yes,9,86,36,3352,no,Lead_ItemNr(3352)_SetNr(852)_WiT_Level(-15)_Complexity(3)_Time(86)_SongNr(36).wav
voc_item3510_set924_wit_lvl-15_comp3_t120_song87,1,voc_item3510_set924_wit_lvl-15_comp3_t120_song87.wav,924,-15,Lead,3,yes,33,120,87,3510,no,Lead_ItemNr(3510)_SetNr(924)_WiT_Level(-15)_Complexity(3)_Time(120)_SongNr(87).wav
voc_item3510_set924_wit_lvl-10_comp3_t120_song87,1,voc_item3510_set924_wit_lvl-10_comp3_t120_song87.wav,924,-10,Lead,3,yes,25,120,87,3510,no,Lead_ItemNr(3510)_SetNr(924)_WiT_Level(-15)_Complexity(3)_Time(120)_SongNr(87).wav
voc_item3510_set924_wit_lvl-5_comp3_t120_song87,1,voc_item3510_set924_wit_lvl-5_comp3_t120_song87.wav,924,-5,Lead,3,yes,21,120,87,3510,no,Lead_ItemNr(3510)_SetNr(924)_WiT_Level(-15)_Complexity(3)_Time(120)_SongNr(87).wav
voc_item3510_set924_wit_lvl0_comp3_t120_song87,1,voc_item3510_set924_wit_lvl0_comp3_t120_song87.wav,924,0,Lead,3,yes,9,120,87,3510,no,Lead_ItemNr(3510)_SetNr(924)_WiT_Level(-15)_Complexity(3)_Time(120)_SongNr(87).wav
voc_item2121_set380_wit_lvl-15_comp3_t122_song20,1,voc_item2121_set380_wit_lvl-15_comp3_t122_song20.wav,380,-15,Lead,3,yes,33,122,20,2121,no,Lead_ItemNr(2121)_SetNr(380)_WiT_Level(-15)_Complexity(3)_Time(122)_SongNr(20).wav
voc_item2121_set380_wit_lvl-10_comp3_t122_song20,1,voc_item2121_set380_wit_lvl-10_comp3_t122_song20.wav,380,-10,Lead,3,yes,25,122,20,2121,no,Lead_ItemNr(2121)_SetNr(380)_WiT_Level(-15)_Complexity(3)_Time(122)_SongNr(20).wav
voc_item2121_set380_wit_lvl-5_comp3_t122_song20,1,voc_item2121_set380_wit_lvl-5_comp3_t122_song20.wav,380,-5,Lead,3,yes,21,122,20,2121,no,Lead_ItemNr(2121)_SetNr(380)_WiT_Level(-15)_Complexity(3)_Time(122)_SongNr(20).wav
voc_item2121_set380_wit_lvl0_comp3_t122_song20,1,voc_item2121_set380_wit_lvl0_comp3_t122_song20.wav,380,0,Lead,3,yes,9,122,20,2121,no,Lead_ItemNr(2121)_SetNr(380)_WiT_Level(-15)_Complexity(3)_Time(122)_SongNr(20).wav
voc_item1578_set270_wit_lvl-15_comp3_t154_song86,1,voc_item1578_set270_wit_lvl-15_comp3_t154_song86.wav,270,-15,Lead,3,yes,33,154,86,1578,no,Lead_ItemNr(1578)_SetNr(270)_WiT_Level(-15)_Complexity(3)_Time(154)_SongNr(86).wav
voc_item1578_set270_wit_lvl-10_comp3_t154_song86,1,voc_item1578_set270_wit_lvl-10_comp3_t154_song86.wav,270,-10,Lead,3,yes,25,154,86,1578,no,Lead_ItemNr(1578)_SetNr(270)_WiT_Level(-15)_Complexity(3)_Time(154)_SongNr(86).wav
voc_item1578_set270_wit_lvl-5_comp3_t154_song86,1,voc_item1578_set270_wit_lvl-5_comp3_t154_song86.wav,270,-5,Lead,3,yes,21,154,86,1578,no,Lead_ItemNr(1578)_SetNr(270)_WiT_Level(-15)_Complexity(3)_Time(154)_SongNr(86).wav
voc_item1578_set270_wit_lvl0_comp3_t154_song86,1,voc_item1578_set270_wit_lvl0_comp3_t154_song86.wav,270,0,Lead,3,yes,9,154,86,1578,no,Lead_ItemNr(1578)_SetNr(270)_WiT_Level(-15)_Complexity(3)_Time(154)_SongNr(86).wav
voc_item3496_set919_wit_lvl-15_comp3_t194_song116,1,voc_item3496_set919_wit_lvl-15_comp3_t194_song116.wav,919,-15,Lead,3,yes,33,194,116,3496,no,Lead_ItemNr(3496)_SetNr(919)_WiT_Level(-15)_Complexity(3)_Time(194)_SongNr(116).wav
voc_item3496_set919_wit_lvl-10_comp3_t194_song116,1,voc_item3496_set919_wit_lvl-10_comp3_t194_song116.wav,919,-10,Lead,3,yes,25,194,116,3496,no,Lead_ItemNr(3496)_SetNr(919)_WiT_Level(-15)_Complexity(3)_Time(194)_SongNr(116).wav
voc_item3496_set919_wit_lvl-5_comp3_t194_song116,1,voc_item3496_set919_wit_lvl-5_comp3_t194_song116.wav,919,-5,Lead,3,yes,21,194,116,3496,no,Lead_ItemNr(3496)_SetNr(919)_WiT_Level(-15)_Complexity(3)_Time(194)_SongNr(116).wav
voc_item3496_set919_wit_lvl0_comp3_t194_song116,1,voc_item3496_set919_wit_lvl0_comp3_t194_song116.wav,919,0,Lead,3,yes,9,194,116,3496,no,Lead_ItemNr(3496)_SetNr(919)_WiT_Level(-15)_Complexity(3)_Time(194)_SongNr(116).wav
voc_item1003_set177_wit_lvl-15_comp3_t218_song55,1,voc_item1003_set177_wit_lvl-15_comp3_t218_song55.wav,177,-15,Lead,3,yes,33,218,55,1003,no,Lead_ItemNr(1003)_SetNr(177)_WiT_Level(-15)_Complexity(3)_Time(218)_SongNr(55).wav
voc_item1003_set177_wit_lvl-10_comp3_t218_song55,1,voc_item1003_set177_wit_lvl-10_comp3_t218_song55.wav,177,-10,Lead,3,yes,25,218,55,1003,no,Lead_ItemNr(1003)_SetNr(177)_WiT_Level(-15)_Complexity(3)_Time(218)_SongNr(55).wav
voc_item1003_set177_wit_lvl-5_comp3_t218_song55,1,voc_item1003_set177_wit_lvl-5_comp3_t218_song55.wav,177,-5,Lead,3,yes,21,218,55,1003,no,Lead_ItemNr(1003)_SetNr(177)_WiT_Level(-15)_Complexity(3)_Time(218)_SongNr(55).wav
voc_item1003_set177_wit_lvl0_comp3_t218_song55,1,voc_item1003_set177_wit_lvl0_comp3_t218_song55.wav,177,0,Lead,3,yes,9,218,55,1003,no,Lead_ItemNr(1003)_SetNr(177)_WiT_Level(-15)_Complexity(3)_Time(218)_SongNr(55).wav
git_item3626_set1047_wit_lvl-10_comp6_t36_song1,1,git_item3626_set1047_wit_lvl-10_comp6_t36_song1.wav,1047,-10,Guitar,6,yes,30,36,1,3626,no,Guitar_ItemNr(3626)_SetNr(1047)_WiT_Level(-15)_Complexity(6)_Time(36)_SongNr(1).wav
git_item3626_set1047_wit_lvl-5_comp6_t36_song1,1,git_item3626_set1047_wit_lvl-5_comp6_t36_song1.wav,1047,-5,Guitar,6,yes,18,36,1,3626,no,Guitar_ItemNr(3626)_SetNr(1047)_WiT_Level(-15)_Complexity(6)_Time(36)_SongNr(1).wav
git_item3626_set1047_wit_lvl0_comp6_t36_song1,1,git_item3626_set1047_wit_lvl0_comp6_t36_song1.wav,1047,0,Guitar,6,yes,14,36,1,3626,no,Guitar_ItemNr(3626)_SetNr(1047)_WiT_Level(-15)_Complexity(6)_Time(36)_SongNr(1).wav
git_item3626_set1047_wit_lvl-15_comp6_t36_song1,1,git_item3626_set1047_wit_lvl-15_comp6_t36_song1.wav,1047,-15,Guitar,6,yes,38,36,1,3626,no,Guitar_ItemNr(3626)_SetNr(1047)_WiT_Level(-15)_Complexity(6)_Time(36)_SongNr(1).wav
git_item71_set021_wit_lvl-15_comp6_t122_song110,1,git_item71_set021_wit_lvl-15_comp6_t122_song110.wav,21,-15,Guitar,6,yes,38,122,110,71,no,Guitar_ItemNr(71)_SetNr(021)_WiT_Level(-15)_Complexity(6)_Time(122)_SongNr(110).wav
git_item71_set021_wit_lvl-10_comp6_t122_song110,1,git_item71_set021_wit_lvl-10_comp6_t122_song110.wav,21,-10,Guitar,6,yes,30,122,110,71,no,Guitar_ItemNr(71)_SetNr(021)_WiT_Level(-15)_Complexity(6)_Time(122)_SongNr(110).wav
git_item71_set021_wit_lvl-5_comp6_t122_song110,1,git_item71_set021_wit_lvl-5_comp6_t122_song110.wav,21,-5,Guitar,6,yes,18,122,110,71,no,Guitar_ItemNr(71)_SetNr(021)_WiT_Level(-15)_Complexity(6)_Time(122)_SongNr(110).wav
git_item71_set021_wit_lvl0_comp6_t122_song110,1,git_item71_set021_wit_lvl0_comp6_t122_song110.wav,21,0,Guitar,6,yes,14,122,110,71,no,Guitar_ItemNr(71)_SetNr(021)_WiT_Level(-15)_Complexity(6)_Time(122)_SongNr(110).wav
git_item3230_set987_wit_lvl-15_comp6_t130_song39,1,git_item3230_set987_wit_lvl-15_comp6_t130_song39.wav,987,-15,Guitar,6,yes,38,130,39,3230,no,Guitar_ItemNr(3230)_SetNr(987)_WiT_Level(-15)_Complexity(6)_Time(130)_SongNr(39).wav
git_item3230_set987_wit_lvl-10_comp6_t130_song39,1,git_item3230_set987_wit_lvl-10_comp6_t130_song39.wav,987,-10,Guitar,6,yes,30,130,39,3230,no,Guitar_ItemNr(3230)_SetNr(987)_WiT_Level(-15)_Complexity(6)_Time(130)_SongNr(39).wav
git_item3230_set987_wit_lvl-5_comp6_t130_song39,1,git_item3230_set987_wit_lvl-5_comp6_t130_song39.wav,987,-5,Guitar,6,yes,18,130,39,3230,no,Guitar_ItemNr(3230)_SetNr(987)_WiT_Level(-15)_Complexity(6)_Time(130)_SongNr(39).wav
git_item3230_set987_wit_lvl0_comp6_t130_song39,1,git_item3230_set987_wit_lvl0_comp6_t130_song39.wav,987,0,Guitar,6,yes,14,130,39,3230,no,Guitar_ItemNr(3230)_SetNr(987)_WiT_Level(-15)_Complexity(6)_Time(130)_SongNr(39).wav
git_item2876_set943_wit_lvl-15_comp6_t138_song33,1,git_item2876_set943_wit_lvl-15_comp6_t138_song33.wav,943,-15,Guitar,6,yes,38,138,33,2876,no,Guitar_ItemNr(2876)_SetNr(943)_WiT_Level(-15)_Complexity(6)_Time(138)_SongNr(33).wav
git_item2876_set943_wit_lvl-10_comp6_t138_song33,1,git_item2876_set943_wit_lvl-10_comp6_t138_song33.wav,943,-10,Guitar,6,yes,30,138,33,2876,no,Guitar_ItemNr(2876)_SetNr(943)_WiT_Level(-15)_Complexity(6)_Time(138)_SongNr(33).wav
git_item2876_set943_wit_lvl-5_comp6_t138_song33,1,git_item2876_set943_wit_lvl-5_comp6_t138_song33.wav,943,-5,Guitar,6,yes,18,138,33,2876,no,Guitar_ItemNr(2876)_SetNr(943)_WiT_Level(-15)_Complexity(6)_Time(138)_SongNr(33).wav
git_item2876_set943_wit_lvl0_comp6_t138_song33,1,git_item2876_set943_wit_lvl0_comp6_t138_song33.wav,943,0,Guitar,6,yes,14,138,33,2876,no,Guitar_ItemNr(2876)_SetNr(943)_WiT_Level(-15)_Complexity(6)_Time(138)_SongNr(33).wav
git_item739_set228_wit_lvl-15_comp6_t140_song3,1,git_item739_set228_wit_lvl-15_comp6_t140_song3.wav,228,-15,Guitar,6,yes,38,140,3,739,no,Guitar_ItemNr(739)_SetNr(228)_WiT_Level(-15)_Complexity(6)_Time(140)_SongNr(3).wav
git_item739_set228_wit_lvl-10_comp6_t140_song3,1,git_item739_set228_wit_lvl-10_comp6_t140_song3.wav,228,-10,Guitar,6,yes,30,140,3,739,no,Guitar_ItemNr(739)_SetNr(228)_WiT_Level(-15)_Complexity(6)_Time(140)_SongNr(3).wav
git_item739_set228_wit_lvl-5_comp6_t140_song3,1,git_item739_set228_wit_lvl-5_comp6_t140_song3.wav,228,-5,Guitar,6,yes,18,140,3,739,no,Guitar_ItemNr(739)_SetNr(228)_WiT_Level(-15)_Complexity(6)_Time(140)_SongNr(3).wav
git_item739_set228_wit_lvl0_comp6_t140_song3,1,git_item739_set228_wit_lvl0_comp6_t140_song3.wav,228,0,Guitar,6,yes,14,140,3,739,no,Guitar_ItemNr(739)_SetNr(228)_WiT_Level(-15)_Complexity(6)_Time(140)_SongNr(3).wav
git_item1927_set585_wit_lvl-15_comp6_t158_song87,1,git_item1927_set585_wit_lvl-15_comp6_t158_song87.wav,585,-15,Guitar,6,yes,38,158,87,1927,no,Guitar_ItemNr(1927)_SetNr(585)_WiT_Level(-15)_Complexity(6)_Time(158)_SongNr(87).wav
git_item1927_set585_wit_lvl-10_comp6_t158_song87,1,git_item1927_set585_wit_lvl-10_comp6_t158_song87.wav,585,-10,Guitar,6,yes,30,158,87,1927,no,Guitar_ItemNr(1927)_SetNr(585)_WiT_Level(-15)_Complexity(6)_Time(158)_SongNr(87).wav
git_item1927_set585_wit_lvl-5_comp6_t158_song87,1,git_item1927_set585_wit_lvl-5_comp6_t158_song87.wav,585,-5,Guitar,6,yes,18,158,87,1927,no,Guitar_ItemNr(1927)_SetNr(585)_WiT_Level(-15)_Complexity(6)_Time(158)_SongNr(87).wav
git_item1927_set585_wit_lvl0_comp6_t158_song87,1,git_item1927_set585_wit_lvl0_comp6_t158_song87.wav,585,0,Guitar,6,yes,14,158,87,1927,no,Guitar_ItemNr(1927)_SetNr(585)_WiT_Level(-15)_Complexity(6)_Time(158)_SongNr(87).wav
git_item3724_set1064_wit_lvl-15_comp6_t194_song38,1,git_item3724_set1064_wit_lvl-15_comp6_t194_song38.wav,1064,-15,Guitar,6,yes,38,194,38,3724,no,Guitar_ItemNr(3724)_SetNr(1064)_WiT_Level(-15)_Complexity(6)_Time(194)_SongNr(38).wav
git_item3724_set1064_wit_lvl-10_comp6_t194_song38,1,git_item3724_set1064_wit_lvl-10_comp6_t194_song38.wav,1064,-10,Guitar,6,yes,30,194,38,3724,no,Guitar_ItemNr(3724)_SetNr(1064)_WiT_Level(-15)_Complexity(6)_Time(194)_SongNr(38).wav
git_item3724_set1064_wit_lvl-5_comp6_t194_song38,1,git_item3724_set1064_wit_lvl-5_comp6_t194_song38.wav,1064,-5,Guitar,6,yes,18,194,38,3724,no,Guitar_ItemNr(3724)_SetNr(1064)_WiT_Level(-15)_Complexity(6)_Time(194)_SongNr(38).wav
git_item3724_set1064_wit_lvl0_comp6_t194_song38,1,git_item3724_set1064_wit_lvl0_comp6_t194_song38.wav,1064,0,Guitar,6,yes,14,194,38,3724,no,Guitar_ItemNr(3724)_SetNr(1064)_WiT_Level(-15)_Complexity(6)_Time(194)_SongNr(38).wav
git_item3131_set976_wit_lvl-15_comp6_t226_song101,1,git_item3131_set976_wit_lvl-15_comp6_t226_song101.wav,976,-15,Guitar,6,yes,38,226,101,3131,no,Guitar_ItemNr(3131)_SetNr(976)_WiT_Level(-15)_Complexity(6)_Time(226)_SongNr(101).wav
git_item3131_set976_wit_lvl-10_comp6_t226_song101,1,git_item3131_set976_wit_lvl-10_comp6_t226_song101.wav,976,-10,Guitar,6,yes,30,226,101,3131,no,Guitar_ItemNr(3131)_SetNr(976)_WiT_Level(-15)_Complexity(6)_Time(226)_SongNr(101).wav
git_item3131_set976_wit_lvl-5_comp6_t226_song101,1,git_item3131_set976_wit_lvl-5_comp6_t226_song101.wav,976,-5,Guitar,6,yes,18,226,101,3131,no,Guitar_ItemNr(3131)_SetNr(976)_WiT_Level(-15)_Complexity(6)_Time(226)_SongNr(101).wav
git_item3131_set976_wit_lvl0_comp6_t226_song101,1,git_item3131_set976_wit_lvl0_comp6_t226_song101.wav,976,0,Guitar,6,yes,14,226,101,3131,no,Guitar_ItemNr(3131)_SetNr(976)_WiT_Level(-15)_Complexity(6)_Time(226)_SongNr(101).wav
git_item882_set267_wit_lvl-15_comp6_t230_song37,1,git_item882_set267_wit_lvl-15_comp6_t230_song37.wav,267,-15,Guitar,6,yes,38,230,37,882,no,Guitar_ItemNr(882)_SetNr(267)_WiT_Level(-15)_Complexity(6)_Time(230)_SongNr(37).wav
git_item882_set267_wit_lvl-10_comp6_t230_song37,1,git_item882_set267_wit_lvl-10_comp6_t230_song37.wav,267,-10,Guitar,6,yes,30,230,37,882,no,Guitar_ItemNr(882)_SetNr(267)_WiT_Level(-15)_Complexity(6)_Time(230)_SongNr(37).wav
git_item882_set267_wit_lvl-5_comp6_t230_song37,1,git_item882_set267_wit_lvl-5_comp6_t230_song37.wav,267,-5,Guitar,6,yes,18,230,37,882,no,Guitar_ItemNr(882)_SetNr(267)_WiT_Level(-15)_Complexity(6)_Time(230)_SongNr(37).wav
git_item882_set267_wit_lvl0_comp6_t230_song37,1,git_item882_set267_wit_lvl0_comp6_t230_song37.wav,267,0,Guitar,6,yes,14,230,37,882,no,Guitar_ItemNr(882)_SetNr(267)_WiT_Level(-15)_Complexity(6)_Time(230)_SongNr(37).wav
git_item3250_set988_wit_lvl-15_comp6_t232_song34,1,git_item3250_set988_wit_lvl-15_comp6_t232_song34.wav,988,-15,Guitar,6,yes,38,232,34,3250,no,Guitar_ItemNr(3250)_SetNr(988)_WiT_Level(-15)_Complexity(6)_Time(232)_SongNr(34).wav
git_item3250_set988_wit_lvl-10_comp6_t232_song34,1,git_item3250_set988_wit_lvl-10_comp6_t232_song34.wav,988,-10,Guitar,6,yes,30,232,34,3250,no,Guitar_ItemNr(3250)_SetNr(988)_WiT_Level(-15)_Complexity(6)_Time(232)_SongNr(34).wav
git_item3250_set988_wit_lvl-5_comp6_t232_song34,1,git_item3250_set988_wit_lvl-5_comp6_t232_song34.wav,988,-5,Guitar,6,yes,18,232,34,3250,no,Guitar_ItemNr(3250)_SetNr(988)_WiT_Level(-15)_Complexity(6)_Time(232)_SongNr(34).wav
git_item3250_set988_wit_lvl0_comp6_t232_song34,1,git_item3250_set988_wit_lvl0_comp6_t232_song34.wav,988,0,Guitar,6,yes,14,232,34,3250,no,Guitar_ItemNr(3250)_SetNr(988)_WiT_Level(-15)_Complexity(6)_Time(232)_SongNr(34).wav
git_item1553_set474_wit_lvl-15_comp3_t0_song92,1,git_item1553_set474_wit_lvl-15_comp3_t0_song92.wav,474,-15,Guitar,3,yes,34,0,92,1553,no,Guitar_ItemNr(1553)_SetNr(474)_WiT_Level(-15)_Complexity(3)_Time(0)_SongNr(92).wav
git_item1553_set474_wit_lvl-10_comp3_t0_song92,1,git_item1553_set474_wit_lvl-10_comp3_t0_song92.wav,474,-10,Guitar,3,yes,26,0,92,1553,no,Guitar_ItemNr(1553)_SetNr(474)_WiT_Level(-15)_Complexity(3)_Time(0)_SongNr(92).wav
git_item1553_set474_wit_lvl-5_comp3_t0_song92,1,git_item1553_set474_wit_lvl-5_comp3_t0_song92.wav,474,-5,Guitar,3,yes,22,0,92,1553,no,Guitar_ItemNr(1553)_SetNr(474)_WiT_Level(-15)_Complexity(3)_Time(0)_SongNr(92).wav
git_item1553_set474_wit_lvl0_comp3_t0_song92,1,git_item1553_set474_wit_lvl0_comp3_t0_song92.wav,474,0,Guitar,3,yes,10,0,92,1553,no,Guitar_ItemNr(1553)_SetNr(474)_WiT_Level(-15)_Complexity(3)_Time(0)_SongNr(92).wav
git_item2174_set667_wit_lvl-15_comp3_t12_song113,1,git_item2174_set667_wit_lvl-15_comp3_t12_song113.wav,667,-15,Guitar,3,yes,34,12,113,2174,no,Guitar_ItemNr(2174)_SetNr(667)_WiT_Level(-15)_Complexity(3)_Time(12)_SongNr(113).wav
git_item2174_set667_wit_lvl-10_comp3_t12_song113,1,git_item2174_set667_wit_lvl-10_comp3_t12_song113.wav,667,-10,Guitar,3,yes,26,12,113,2174,no,Guitar_ItemNr(2174)_SetNr(667)_WiT_Level(-15)_Complexity(3)_Time(12)_SongNr(113).wav
git_item2174_set667_wit_lvl-5_comp3_t12_song113,1,git_item2174_set667_wit_lvl-5_comp3_t12_song113.wav,667,-5,Guitar,3,yes,22,12,113,2174,no,Guitar_ItemNr(2174)_SetNr(667)_WiT_Level(-15)_Complexity(3)_Time(12)_SongNr(113).wav
git_item2174_set667_wit_lvl0_comp3_t12_song113,1,git_item2174_set667_wit_lvl0_comp3_t12_song113.wav,667,0,Guitar,3,yes,10,12,113,2174,no,Guitar_ItemNr(2174)_SetNr(667)_WiT_Level(-15)_Complexity(3)_Time(12)_SongNr(113).wav
git_item1490_set453_wit_lvl-15_comp3_t32_song64,1,git_item1490_set453_wit_lvl-15_comp3_t32_song64.wav,453,-15,Guitar,3,yes,34,32,64,1490,no,Guitar_ItemNr(1490)_SetNr(453)_WiT_Level(-15)_Complexity(3)_Time(32)_SongNr(64).wav
git_item1490_set453_wit_lvl-10_comp3_t32_song64,1,git_item1490_set453_wit_lvl-10_comp3_t32_song64.wav,453,-10,Guitar,3,yes,26,32,64,1490,no,Guitar_ItemNr(1490)_SetNr(453)_WiT_Level(-15)_Complexity(3)_Time(32)_SongNr(64).wav
git_item1490_set453_wit_lvl-5_comp3_t32_song64,1,git_item1490_set453_wit_lvl-5_comp3_t32_song64.wav,453,-5,Guitar,3,yes,22,32,64,1490,no,Guitar_ItemNr(1490)_SetNr(453)_WiT_Level(-15)_Complexity(3)_Time(32)_SongNr(64).wav
git_item1490_set453_wit_lvl0_comp3_t32_song64,1,git_item1490_set453_wit_lvl0_comp3_t32_song64.wav,453,0,Guitar,3,yes,10,32,64,1490,no,Guitar_ItemNr(1490)_SetNr(453)_WiT_Level(-15)_Complexity(3)_Time(32)_SongNr(64).wav
git_item1831_set554_wit_lvl-15_comp3_t54_song15,1,git_item1831_set554_wit_lvl-15_comp3_t54_song15.wav,554,-15,Guitar,3,yes,34,54,15,1831,no,Guitar_ItemNr(1831)_SetNr(554)_WiT_Level(-15)_Complexity(3)_Time(54)_SongNr(15).wav
git_item1831_set554_wit_lvl-10_comp3_t54_song15,1,git_item1831_set554_wit_lvl-10_comp3_t54_song15.wav,554,-10,Guitar,3,yes,26,54,15,1831,no,Guitar_ItemNr(1831)_SetNr(554)_WiT_Level(-15)_Complexity(3)_Time(54)_SongNr(15).wav
git_item1831_set554_wit_lvl-5_comp3_t54_song15,1,git_item1831_set554_wit_lvl-5_comp3_t54_song15.wav,554,-5,Guitar,3,yes,22,54,15,1831,no,Guitar_ItemNr(1831)_SetNr(554)_WiT_Level(-15)_Complexity(3)_Time(54)_SongNr(15).wav
git_item1831_set554_wit_lvl0_comp3_t54_song15,1,git_item1831_set554_wit_lvl0_comp3_t54_song15.wav,554,0,Guitar,3,yes,10,54,15,1831,no,Guitar_ItemNr(1831)_SetNr(554)_WiT_Level(-15)_Complexity(3)_Time(54)_SongNr(15).wav
git_item269_set079_wit_lvl-15_comp3_t80_song43,1,git_item269_set079_wit_lvl-15_comp3_t80_song43.wav,79,-15,Guitar,3,yes,34,80,43,269,no,Guitar_ItemNr(269)_SetNr(079)_WiT_Level(-15)_Complexity(3)_Time(80)_SongNr(43).wav
git_item269_set079_wit_lvl-10_comp3_t80_song43,1,git_item269_set079_wit_lvl-10_comp3_t80_song43.wav,79,-10,Guitar,3,yes,26,80,43,269,no,Guitar_ItemNr(269)_SetNr(079)_WiT_Level(-15)_Complexity(3)_Time(80)_SongNr(43).wav
git_item269_set079_wit_lvl-5_comp3_t80_song43,1,git_item269_set079_wit_lvl-5_comp3_t80_song43.wav,79,-5,Guitar,3,yes,22,80,43,269,no,Guitar_ItemNr(269)_SetNr(079)_WiT_Level(-15)_Complexity(3)_Time(80)_SongNr(43).wav
git_item269_set079_wit_lvl0_comp3_t80_song43,1,git_item269_set079_wit_lvl0_comp3_t80_song43.wav,79,0,Guitar,3,yes,10,80,43,269,no,Guitar_ItemNr(269)_SetNr(079)_WiT_Level(-15)_Complexity(3)_Time(80)_SongNr(43).wav
git_item2628_set867_wit_lvl-15_comp3_t100_song112,1,git_item2628_set867_wit_lvl-15_comp3_t100_song112.wav,867,-15,Guitar,3,yes,34,100,112,2628,no,Guitar_ItemNr(2628)_SetNr(867)_WiT_Level(-15)_Complexity(3)_Time(100)_SongNr(112).wav
git_item2628_set867_wit_lvl-10_comp3_t100_song112,1,git_item2628_set867_wit_lvl-10_comp3_t100_song112.wav,867,-10,Guitar,3,yes,26,100,112,2628,no,Guitar_ItemNr(2628)_SetNr(867)_WiT_Level(-15)_Complexity(3)_Time(100)_SongNr(112).wav
git_item2628_set867_wit_lvl-5_comp3_t100_song112,1,git_item2628_set867_wit_lvl-5_comp3_t100_song112.wav,867,-5,Guitar,3,yes,22,100,112,2628,no,Guitar_ItemNr(2628)_SetNr(867)_WiT_Level(-15)_Complexity(3)_Time(100)_SongNr(112).wav
git_item2628_set867_wit_lvl0_comp3_t100_song112,1,git_item2628_set867_wit_lvl0_comp3_t100_song112.wav,867,0,Guitar,3,yes,10,100,112,2628,no,Guitar_ItemNr(2628)_SetNr(867)_WiT_Level(-15)_Complexity(3)_Time(100)_SongNr(112).wav
git_item1408_set426_wit_lvl-15_comp3_t142_song105,1,git_item1408_set426_wit_lvl-15_comp3_t142_song105.wav,426,-15,Guitar,3,yes,34,142,105,1408,no,Guitar_ItemNr(1408)_SetNr(426)_WiT_Level(-15)_Complexity(3)_Time(142)_SongNr(105).wav
git_item1408_set426_wit_lvl-10_comp3_t142_song105,1,git_item1408_set426_wit_lvl-10_comp3_t142_song105.wav,426,-10,Guitar,3,yes,26,142,105,1408,no,Guitar_ItemNr(1408)_SetNr(426)_WiT_Level(-15)_Complexity(3)_Time(142)_SongNr(105).wav
git_item1408_set426_wit_lvl-5_comp3_t142_song105,1,git_item1408_set426_wit_lvl-5_comp3_t142_song105.wav,426,-5,Guitar,3,yes,22,142,105,1408,no,Guitar_ItemNr(1408)_SetNr(426)_WiT_Level(-15)_Complexity(3)_Time(142)_SongNr(105).wav
git_item1408_set426_wit_lvl0_comp3_t142_song105,1,git_item1408_set426_wit_lvl0_comp3_t142_song105.wav,426,0,Guitar,3,yes,10,142,105,1408,no,Guitar_ItemNr(1408)_SetNr(426)_WiT_Level(-15)_Complexity(3)_Time(142)_SongNr(105).wav
git_item1676_set505_wit_lvl-15_comp3_t162_song114,1,git_item1676_set505_wit_lvl-15_comp3_t162_song114.wav,505,-15,Guitar,3,yes,34,162,114,1676,no,Guitar_ItemNr(1676)_SetNr(505)_WiT_Level(-15)_Complexity(3)_Time(162)_SongNr(114).wav
git_item1676_set505_wit_lvl-10_comp3_t162_song114,1,git_item1676_set505_wit_lvl-10_comp3_t162_song114.wav,505,-10,Guitar,3,yes,26,162,114,1676,no,Guitar_ItemNr(1676)_SetNr(505)_WiT_Level(-15)_Complexity(3)_Time(162)_SongNr(114).wav
git_item1676_set505_wit_lvl-5_comp3_t162_song114,1,git_item1676_set505_wit_lvl-5_comp3_t162_song114.wav,505,-5,Guitar,3,yes,22,162,114,1676,no,Guitar_ItemNr(1676)_SetNr(505)_WiT_Level(-15)_Complexity(3)_Time(162)_SongNr(114).wav
git_item1676_set505_wit_lvl0_comp3_t162_song114,1,git_item1676_set505_wit_lvl0_comp3_t162_song114.wav,505,0,Guitar,3,yes,10,162,114,1676,no,Guitar_ItemNr(1676)_SetNr(505)_WiT_Level(-15)_Complexity(3)_Time(162)_SongNr(114).wav
git_item2195_set676_wit_lvl-15_comp3_t168_song45,1,git_item2195_set676_wit_lvl-15_comp3_t168_song45.wav,676,-15,Guitar,3,yes,34,168,45,2195,no,Guitar_ItemNr(2195)_SetNr(676)_WiT_Level(-15)_Complexity(3)_Time(168)_SongNr(45).wav
git_item2195_set676_wit_lvl-10_comp3_t168_song45,1,git_item2195_set676_wit_lvl-10_comp3_t168_song45.wav,676,-10,Guitar,3,yes,26,168,45,2195,no,Guitar_ItemNr(2195)_SetNr(676)_WiT_Level(-15)_Complexity(3)_Time(168)_SongNr(45).wav
git_item2195_set676_wit_lvl-5_comp3_t168_song45,1,git_item2195_set676_wit_lvl-5_comp3_t168_song45.wav,676,-5,Guitar,3,yes,22,168,45,2195,no,Guitar_ItemNr(2195)_SetNr(676)_WiT_Level(-15)_Complexity(3)_Time(168)_SongNr(45).wav
git_item2195_set676_wit_lvl0_comp3_t168_song45,1,git_item2195_set676_wit_lvl0_comp3_t168_song45.wav,676,0,Guitar,3,yes,10,168,45,2195,no,Guitar_ItemNr(2195)_SetNr(676)_WiT_Level(-15)_Complexity(3)_Time(168)_SongNr(45).wav
git_item820_set249_wit_lvl-15_comp3_t182_song41,1,git_item820_set249_wit_lvl-15_comp3_t182_song41.wav,249,-15,Guitar,3,yes,34,182,41,820,no,Guitar_ItemNr(820)_SetNr(249)_WiT_Level(-15)_Complexity(3)_Time(182)_SongNr(41).wav
git_item820_set249_wit_lvl-10_comp3_t182_song41,1,git_item820_set249_wit_lvl-10_comp3_t182_song41.wav,249,-10,Guitar,3,yes,26,182,41,820,no,Guitar_ItemNr(820)_SetNr(249)_WiT_Level(-15)_Complexity(3)_Time(182)_SongNr(41).wav
git_item820_set249_wit_lvl-5_comp3_t182_song41,1,git_item820_set249_wit_lvl-5_comp3_t182_song41.wav,249,-5,Guitar,3,yes,22,182,41,820,no,Guitar_ItemNr(820)_SetNr(249)_WiT_Level(-15)_Complexity(3)_Time(182)_SongNr(41).wav
git_item820_set249_wit_lvl0_comp3_t182_song41,1,git_item820_set249_wit_lvl0_comp3_t182_song41.wav,249,0,Guitar,3,yes,10,182,41,820,no,Guitar_ItemNr(820)_SetNr(249)_WiT_Level(-15)_Complexity(3)_Time(182)_SongNr(41).wav
p_item1402_set130_wit_lvl-15_comp6_t84_song2,1,p_item1402_set130_wit_lvl-15_comp6_t84_song2.wav,130,-15,Piano,6,yes,39,84,2,1402,no,Piano_ItemNr(1402)_SetNr(130)_WiT_Level(-15)_Complexity(6)_Time(84)_SongNr(2).wav
p_item1402_set130_wit_lvl-10_comp6_t84_song2,1,p_item1402_set130_wit_lvl-10_comp6_t84_song2.wav,130,-10,Piano,6,yes,31,84,2,1402,no,Piano_ItemNr(1402)_SetNr(130)_WiT_Level(-15)_Complexity(6)_Time(84)_SongNr(2).wav
p_item1402_set130_wit_lvl-5_comp6_t84_song2,1,p_item1402_set130_wit_lvl-5_comp6_t84_song2.wav,130,-5,Piano,6,yes,19,84,2,1402,no,Piano_ItemNr(1402)_SetNr(130)_WiT_Level(-15)_Complexity(6)_Time(84)_SongNr(2).wav
p_item1402_set130_wit_lvl0_comp6_t84_song2,1,p_item1402_set130_wit_lvl0_comp6_t84_song2.wav,130,0,Piano,6,yes,15,84,2,1402,no,Piano_ItemNr(1402)_SetNr(130)_WiT_Level(-15)_Complexity(6)_Time(84)_SongNr(2).wav
p_item2851_set307_wit_lvl-15_comp6_t84_song19,1,p_item2851_set307_wit_lvl-15_comp6_t84_song19.wav,307,-15,Piano,6,yes,39,84,19,2851,no,Piano_ItemNr(2851)_SetNr(307)_WiT_Level(-15)_Complexity(6)_Time(84)_SongNr(19).wav
p_item2851_set307_wit_lvl-10_comp6_t84_song19,1,p_item2851_set307_wit_lvl-10_comp6_t84_song19.wav,307,-10,Piano,6,yes,31,84,19,2851,no,Piano_ItemNr(2851)_SetNr(307)_WiT_Level(-15)_Complexity(6)_Time(84)_SongNr(19).wav
p_item2851_set307_wit_lvl-5_comp6_t84_song19,1,p_item2851_set307_wit_lvl-5_comp6_t84_song19.wav,307,-5,Piano,6,yes,19,84,19,2851,no,Piano_ItemNr(2851)_SetNr(307)_WiT_Level(-15)_Complexity(6)_Time(84)_SongNr(19).wav
p_item2851_set307_wit_lvl0_comp6_t84_song19,1,p_item2851_set307_wit_lvl0_comp6_t84_song19.wav,307,0,Piano,6,yes,15,84,19,2851,no,Piano_ItemNr(2851)_SetNr(307)_WiT_Level(-15)_Complexity(6)_Time(84)_SongNr(19).wav
p_item1033_set088_wit_lvl-15_comp6_t88_song53,1,p_item1033_set088_wit_lvl-15_comp6_t88_song53.wav,88,-15,Piano,6,yes,39,88,53,1033,no,Piano_ItemNr(1033)_SetNr(088)_WiT_Level(-15)_Complexity(6)_Time(88)_SongNr(53).wav
p_item1033_set088_wit_lvl-10_comp6_t88_song53,1,p_item1033_set088_wit_lvl-10_comp6_t88_song53.wav,88,-10,Piano,6,yes,31,88,53,1033,no,Piano_ItemNr(1033)_SetNr(088)_WiT_Level(-15)_Complexity(6)_Time(88)_SongNr(53).wav
p_item1033_set088_wit_lvl-5_comp6_t88_song53,1,p_item1033_set088_wit_lvl-5_comp6_t88_song53.wav,88,-5,Piano,6,yes,19,88,53,1033,no,Piano_ItemNr(1033)_SetNr(088)_WiT_Level(-15)_Complexity(6)_Time(88)_SongNr(53).wav
p_item1033_set088_wit_lvl0_comp6_t88_song53,1,p_item1033_set088_wit_lvl0_comp6_t88_song53.wav,88,0,Piano,6,yes,15,88,53,1033,no,Piano_ItemNr(1033)_SetNr(088)_WiT_Level(-15)_Complexity(6)_Time(88)_SongNr(53).wav
p_item3562_set453_wit_lvl-15_comp6_t104_song39,1,p_item3562_set453_wit_lvl-15_comp6_t104_song39.wav,453,-15,Piano,6,yes,39,104,39,3562,no,Piano_ItemNr(3562)_SetNr(453)_WiT_Level(-15)_Complexity(6)_Time(104)_SongNr(39).wav
p_item3562_set453_wit_lvl-10_comp6_t104_song39,1,p_item3562_set453_wit_lvl-10_comp6_t104_song39.wav,453,-10,Piano,6,yes,31,104,39,3562,no,Piano_ItemNr(3562)_SetNr(453)_WiT_Level(-15)_Complexity(6)_Time(104)_SongNr(39).wav
p_item3562_set453_wit_lvl-5_comp6_t104_song39,1,p_item3562_set453_wit_lvl-5_comp6_t104_song39.wav,453,-5,Piano,6,yes,19,104,39,3562,no,Piano_ItemNr(3562)_SetNr(453)_WiT_Level(-15)_Complexity(6)_Time(104)_SongNr(39).wav
p_item3562_set453_wit_lvl0_comp6_t104_song39,1,p_item3562_set453_wit_lvl0_comp6_t104_song39.wav,453,0,Piano,6,yes,15,104,39,3562,no,Piano_ItemNr(3562)_SetNr(453)_WiT_Level(-15)_Complexity(6)_Time(104)_SongNr(39).wav
p_item3212_set395_wit_lvl-15_comp6_t106_song3,1,p_item3212_set395_wit_lvl-15_comp6_t106_song3.wav,395,-15,Piano,6,yes,39,106,3,3212,no,Piano_ItemNr(3212)_SetNr(395)_WiT_Level(-15)_Complexity(6)_Time(106)_SongNr(3).wav
p_item3212_set395_wit_lvl-10_comp6_t106_song3,1,p_item3212_set395_wit_lvl-10_comp6_t106_song3.wav,395,-10,Piano,6,yes,31,106,3,3212,no,Piano_ItemNr(3212)_SetNr(395)_WiT_Level(-15)_Complexity(6)_Time(106)_SongNr(3).wav
p_item3212_set395_wit_lvl-5_comp6_t106_song3,1,p_item3212_set395_wit_lvl-5_comp6_t106_song3.wav,395,-5,Piano,6,yes,19,106,3,3212,no,Piano_ItemNr(3212)_SetNr(395)_WiT_Level(-15)_Complexity(6)_Time(106)_SongNr(3).wav
p_item3212_set395_wit_lvl0_comp6_t106_song3,1,p_item3212_set395_wit_lvl0_comp6_t106_song3.wav,395,0,Piano,6,yes,15,106,3,3212,no,Piano_ItemNr(3212)_SetNr(395)_WiT_Level(-15)_Complexity(6)_Time(106)_SongNr(3).wav
p_item802_set060_wit_lvl-15_comp6_t120_song103,1,p_item802_set060_wit_lvl-15_comp6_t120_song103.wav,60,-15,Piano,6,yes,39,120,103,802,no,Piano_ItemNr(802)_SetNr(060)_WiT_Level(-15)_Complexity(6)_Time(120)_SongNr(103).wav
p_item802_set060_wit_lvl-10_comp6_t120_song103,1,p_item802_set060_wit_lvl-10_comp6_t120_song103.wav,60,-10,Piano,6,yes,31,120,103,802,no,Piano_ItemNr(802)_SetNr(060)_WiT_Level(-15)_Complexity(6)_Time(120)_SongNr(103).wav
p_item802_set060_wit_lvl-5_comp6_t120_song103,1,p_item802_set060_wit_lvl-5_comp6_t120_song103.wav,60,-5,Piano,6,yes,19,120,103,802,no,Piano_ItemNr(802)_SetNr(060)_WiT_Level(-15)_Complexity(6)_Time(120)_SongNr(103).wav
p_item802_set060_wit_lvl0_comp6_t120_song103,1,p_item802_set060_wit_lvl0_comp6_t120_song103.wav,60,0,Piano,6,yes,15,120,103,802,no,Piano_ItemNr(802)_SetNr(060)_WiT_Level(-15)_Complexity(6)_Time(120)_SongNr(103).wav
p_item1909_set179_wit_lvl-15_comp6_t130_song115,1,p_item1909_set179_wit_lvl-15_comp6_t130_song115.wav,179,-15,Piano,6,yes,39,130,115,1909,no,Piano_ItemNr(1909)_SetNr(179)_WiT_Level(-15)_Complexity(6)_Time(130)_SongNr(115).wav
p_item1909_set179_wit_lvl-10_comp6_t130_song115,1,p_item1909_set179_wit_lvl-10_comp6_t130_song115.wav,179,-10,Piano,6,yes,31,130,115,1909,no,Piano_ItemNr(1909)_SetNr(179)_WiT_Level(-15)_Complexity(6)_Time(130)_SongNr(115).wav
p_item1909_set179_wit_lvl-5_comp6_t130_song115,1,p_item1909_set179_wit_lvl-5_comp6_t130_song115.wav,179,-5,Piano,6,yes,19,130,115,1909,no,Piano_ItemNr(1909)_SetNr(179)_WiT_Level(-15)_Complexity(6)_Time(130)_SongNr(115).wav
p_item1909_set179_wit_lvl0_comp6_t130_song115,1,p_item1909_set179_wit_lvl0_comp6_t130_song115.wav,179,0,Piano,6,yes,15,130,115,1909,no,Piano_ItemNr(1909)_SetNr(179)_WiT_Level(-15)_Complexity(6)_Time(130)_SongNr(115).wav
p_item3300_set407_wit_lvl-15_comp6_t130_song103,1,p_item3300_set407_wit_lvl-15_comp6_t130_song103.wav,407,-15,Piano,6,yes,39,130,103,3300,no,Piano_ItemNr(3300)_SetNr(407)_WiT_Level(-15)_Complexity(6)_Time(130)_SongNr(103).wav
p_item3300_set407_wit_lvl-10_comp6_t130_song103,1,p_item3300_set407_wit_lvl-10_comp6_t130_song103.wav,407,-10,Piano,6,yes,31,130,103,3300,no,Piano_ItemNr(3300)_SetNr(407)_WiT_Level(-15)_Complexity(6)_Time(130)_SongNr(103).wav
p_item3300_set407_wit_lvl-5_comp6_t130_song103,1,p_item3300_set407_wit_lvl-5_comp6_t130_song103.wav,407,-5,Piano,6,yes,19,130,103,3300,no,Piano_ItemNr(3300)_SetNr(407)_WiT_Level(-15)_Complexity(6)_Time(130)_SongNr(103).wav
p_item3300_set407_wit_lvl0_comp6_t130_song103,1,p_item3300_set407_wit_lvl0_comp6_t130_song103.wav,407,0,Piano,6,yes,15,130,103,3300,no,Piano_ItemNr(3300)_SetNr(407)_WiT_Level(-15)_Complexity(6)_Time(130)_SongNr(103).wav
p_item1523_set139_wit_lvl-15_comp6_t152_song83,1,p_item1523_set139_wit_lvl-15_comp6_t152_song83.wav,139,-15,Piano,6,yes,39,152,83,1523,no,Piano_ItemNr(1523)_SetNr(139)_WiT_Level(-15)_Complexity(6)_Time(152)_SongNr(83).wav
p_item1523_set139_wit_lvl-10_comp6_t152_song83,1,p_item1523_set139_wit_lvl-10_comp6_t152_song83.wav,139,-10,Piano,6,yes,31,152,83,1523,no,Piano_ItemNr(1523)_SetNr(139)_WiT_Level(-15)_Complexity(6)_Time(152)_SongNr(83).wav
p_item1523_set139_wit_lvl-5_comp6_t152_song83,1,p_item1523_set139_wit_lvl-5_comp6_t152_song83.wav,139,-5,Piano,6,yes,19,152,83,1523,no,Piano_ItemNr(1523)_SetNr(139)_WiT_Level(-15)_Complexity(6)_Time(152)_SongNr(83).wav
p_item1523_set139_wit_lvl0_comp6_t152_song83,1,p_item1523_set139_wit_lvl0_comp6_t152_song83.wav,139,0,Piano,6,yes,15,152,83,1523,no,Piano_ItemNr(1523)_SetNr(139)_WiT_Level(-15)_Complexity(6)_Time(152)_SongNr(83).wav
p_item2948_set331_wit_lvl-15_comp6_t176_song111,1,p_item2948_set331_wit_lvl-15_comp6_t176_song111.wav,331,-15,Piano,6,yes,39,176,111,2948,no,Piano_ItemNr(2948)_SetNr(331)_WiT_Level(-15)_Complexity(6)_Time(176)_SongNr(111).wav
p_item2948_set331_wit_lvl-10_comp6_t176_song111,1,p_item2948_set331_wit_lvl-10_comp6_t176_song111.wav,331,-10,Piano,6,yes,31,176,111,2948,no,Piano_ItemNr(2948)_SetNr(331)_WiT_Level(-15)_Complexity(6)_Time(176)_SongNr(111).wav
p_item2948_set331_wit_lvl-5_comp6_t176_song111,1,p_item2948_set331_wit_lvl-5_comp6_t176_song111.wav,331,-5,Piano,6,yes,19,176,111,2948,no,Piano_ItemNr(2948)_SetNr(331)_WiT_Level(-15)_Complexity(6)_Time(176)_SongNr(111).wav
p_item2948_set331_wit_lvl0_comp6_t176_song111,1,p_item2948_set331_wit_lvl0_comp6_t176_song111.wav,331,0,Piano,6,yes,15,176,111,2948,no,Piano_ItemNr(2948)_SetNr(331)_WiT_Level(-15)_Complexity(6)_Time(176)_SongNr(111).wav
p_item2709_set276_wit_lvl-15_comp3_t32_song23,1,p_item2709_set276_wit_lvl-15_comp3_t32_song23.wav,276,-15,Piano,3,yes,35,32,23,2709,no,Piano_ItemNr(2709)_SetNr(276)_WiT_Level(-15)_Complexity(3)_Time(32)_SongNr(23).wav
p_item2709_set276_wit_lvl-10_comp3_t32_song23,1,p_item2709_set276_wit_lvl-10_comp3_t32_song23.wav,276,-10,Piano,3,yes,27,32,23,2709,no,Piano_ItemNr(2709)_SetNr(276)_WiT_Level(-15)_Complexity(3)_Time(32)_SongNr(23).wav
p_item2709_set276_wit_lvl-5_comp3_t32_song23,1,p_item2709_set276_wit_lvl-5_comp3_t32_song23.wav,276,-5,Piano,3,yes,23,32,23,2709,no,Piano_ItemNr(2709)_SetNr(276)_WiT_Level(-15)_Complexity(3)_Time(32)_SongNr(23).wav
p_item2709_set276_wit_lvl0_comp3_t32_song23,1,p_item2709_set276_wit_lvl0_comp3_t32_song23.wav,276,0,Piano,3,yes,11,32,23,2709,no,Piano_ItemNr(2709)_SetNr(276)_WiT_Level(-15)_Complexity(3)_Time(32)_SongNr(23).wav
p_item1150_set099_wit_lvl-15_comp3_t46_song21,1,p_item1150_set099_wit_lvl-15_comp3_t46_song21.wav,99,-15,Piano,3,yes,35,46,21,1150,no,Piano_ItemNr(1150)_SetNr(099)_WiT_Level(-15)_Complexity(3)_Time(46)_SongNr(21).wav
p_item1150_set099_wit_lvl-10_comp3_t46_song21,1,p_item1150_set099_wit_lvl-10_comp3_t46_song21.wav,99,-10,Piano,3,yes,27,46,21,1150,no,Piano_ItemNr(1150)_SetNr(099)_WiT_Level(-15)_Complexity(3)_Time(46)_SongNr(21).wav
p_item1150_set099_wit_lvl-5_comp3_t46_song21,1,p_item1150_set099_wit_lvl-5_comp3_t46_song21.wav,99,-5,Piano,3,yes,23,46,21,1150,no,Piano_ItemNr(1150)_SetNr(099)_WiT_Level(-15)_Complexity(3)_Time(46)_SongNr(21).wav
p_item1150_set099_wit_lvl0_comp3_t46_song21,1,p_item1150_set099_wit_lvl0_comp3_t46_song21.wav,99,0,Piano,3,yes,11,46,21,1150,no,Piano_ItemNr(1150)_SetNr(099)_WiT_Level(-15)_Complexity(3)_Time(46)_SongNr(21).wav
p_item1570_set144_wit_lvl-15_comp3_t46_song81,1,p_item1570_set144_wit_lvl-15_comp3_t46_song81.wav,144,-15,Piano,3,yes,35,46,81,1570,no,Piano_ItemNr(1570)_SetNr(144)_WiT_Level(-15)_Complexity(3)_Time(46)_SongNr(81).wav
p_item1570_set144_wit_lvl-10_comp3_t46_song81,1,p_item1570_set144_wit_lvl-10_comp3_t46_song81.wav,144,-10,Piano,3,yes,27,46,81,1570,no,Piano_ItemNr(1570)_SetNr(144)_WiT_Level(-15)_Complexity(3)_Time(46)_SongNr(81).wav
p_item1570_set144_wit_lvl-5_comp3_t46_song81,1,p_item1570_set144_wit_lvl-5_comp3_t46_song81.wav,144,-5,Piano,3,yes,23,46,81,1570,no,Piano_ItemNr(1570)_SetNr(144)_WiT_Level(-15)_Complexity(3)_Time(46)_SongNr(81).wav
p_item1570_set144_wit_lvl0_comp3_t46_song81,1,p_item1570_set144_wit_lvl0_comp3_t46_song81.wav,144,0,Piano,3,yes,11,46,81,1570,no,Piano_ItemNr(1570)_SetNr(144)_WiT_Level(-15)_Complexity(3)_Time(46)_SongNr(81).wav
p_item330_set029_wit_lvl-15_comp3_t54_song53,1,p_item330_set029_wit_lvl-15_comp3_t54_song53.wav,29,-15,Piano,3,yes,35,54,53,330,no,Piano_ItemNr(330)_SetNr(029)_WiT_Level(-15)_Complexity(3)_Time(54)_SongNr(53).wav
p_item330_set029_wit_lvl-10_comp3_t54_song53,1,p_item330_set029_wit_lvl-10_comp3_t54_song53.wav,29,-10,Piano,3,yes,27,54,53,330,no,Piano_ItemNr(330)_SetNr(029)_WiT_Level(-15)_Complexity(3)_Time(54)_SongNr(53).wav
p_item330_set029_wit_lvl-5_comp3_t54_song53,1,p_item330_set029_wit_lvl-5_comp3_t54_song53.wav,29,-5,Piano,3,yes,23,54,53,330,no,Piano_ItemNr(330)_SetNr(029)_WiT_Level(-15)_Complexity(3)_Time(54)_SongNr(53).wav
p_item330_set029_wit_lvl0_comp3_t54_song53,1,p_item330_set029_wit_lvl0_comp3_t54_song53.wav,29,0,Piano,3,yes,11,54,53,330,no,Piano_ItemNr(330)_SetNr(029)_WiT_Level(-15)_Complexity(3)_Time(54)_SongNr(53).wav
p_item3079_set358_wit_lvl-15_comp3_t70_song28,1,p_item3079_set358_wit_lvl-15_comp3_t70_song28.wav,358,-15,Piano,3,yes,35,70,28,3079,no,Piano_ItemNr(3079)_SetNr(358)_WiT_Level(-15)_Complexity(3)_Time(70)_SongNr(28).wav
p_item3079_set358_wit_lvl-10_comp3_t70_song28,1,p_item3079_set358_wit_lvl-10_comp3_t70_song28.wav,358,-10,Piano,3,yes,27,70,28,3079,no,Piano_ItemNr(3079)_SetNr(358)_WiT_Level(-15)_Complexity(3)_Time(70)_SongNr(28).wav
p_item3079_set358_wit_lvl-5_comp3_t70_song28,1,p_item3079_set358_wit_lvl-5_comp3_t70_song28.wav,358,-5,Piano,3,yes,23,70,28,3079,no,Piano_ItemNr(3079)_SetNr(358)_WiT_Level(-15)_Complexity(3)_Time(70)_SongNr(28).wav
p_item3079_set358_wit_lvl0_comp3_t70_song28,1,p_item3079_set358_wit_lvl0_comp3_t70_song28.wav,358,0,Piano,3,yes,11,70,28,3079,no,Piano_ItemNr(3079)_SetNr(358)_WiT_Level(-15)_Complexity(3)_Time(70)_SongNr(28).wav
p_item1924_set180_wit_lvl-15_comp3_t102_song42,1,p_item1924_set180_wit_lvl-15_comp3_t102_song42.wav,180,-15,Piano,3,yes,35,102,42,1924,no,Piano_ItemNr(1924)_SetNr(180)_WiT_Level(-15)_Complexity(3)_Time(102)_SongNr(42).wav
p_item1924_set180_wit_lvl-10_comp3_t102_song42,1,p_item1924_set180_wit_lvl-10_comp3_t102_song42.wav,180,-10,Piano,3,yes,27,102,42,1924,no,Piano_ItemNr(1924)_SetNr(180)_WiT_Level(-15)_Complexity(3)_Time(102)_SongNr(42).wav
p_item1924_set180_wit_lvl-5_comp3_t102_song42,1,p_item1924_set180_wit_lvl-5_comp3_t102_song42.wav,180,-5,Piano,3,yes,23,102,42,1924,no,Piano_ItemNr(1924)_SetNr(180)_WiT_Level(-15)_Complexity(3)_Time(102)_SongNr(42).wav
p_item1924_set180_wit_lvl0_comp3_t102_song42,1,p_item1924_set180_wit_lvl0_comp3_t102_song42.wav,180,0,Piano,3,yes,11,102,42,1924,no,Piano_ItemNr(1924)_SetNr(180)_WiT_Level(-15)_Complexity(3)_Time(102)_SongNr(42).wav
p_item3703_set470_wit_lvl-15_comp3_t114_song40,1,p_item3703_set470_wit_lvl-15_comp3_t114_song40.wav,470,-15,Piano,3,yes,35,114,40,3703,no,Piano_ItemNr(3703)_SetNr(470)_WiT_Level(-15)_Complexity(3)_Time(114)_SongNr(40).wav
p_item3703_set470_wit_lvl-10_comp3_t114_song40,1,p_item3703_set470_wit_lvl-10_comp3_t114_song40.wav,470,-10,Piano,3,yes,27,114,40,3703,no,Piano_ItemNr(3703)_SetNr(470)_WiT_Level(-15)_Complexity(3)_Time(114)_SongNr(40).wav
p_item3703_set470_wit_lvl-5_comp3_t114_song40,1,p_item3703_set470_wit_lvl-5_comp3_t114_song40.wav,470,-5,Piano,3,yes,23,114,40,3703,no,Piano_ItemNr(3703)_SetNr(470)_WiT_Level(-15)_Complexity(3)_Time(114)_SongNr(40).wav
p_item3703_set470_wit_lvl0_comp3_t114_song40,1,p_item3703_set470_wit_lvl0_comp3_t114_song40.wav,470,0,Piano,3,yes,11,114,40,3703,no,Piano_ItemNr(3703)_SetNr(470)_WiT_Level(-15)_Complexity(3)_Time(114)_SongNr(40).wav
p_item238_set021_wit_lvl-15_comp3_t122_song12,1,p_item238_set021_wit_lvl-15_comp3_t122_song12.wav,21,-15,Piano,3,yes,35,122,12,238,no,Piano_ItemNr(238)_SetNr(021)_WiT_Level(-15)_Complexity(3)_Time(122)_SongNr(12).wav
p_item238_set021_wit_lvl-10_comp3_t122_song12,1,p_item238_set021_wit_lvl-10_comp3_t122_song12.wav,21,-10,Piano,3,yes,27,122,12,238,no,Piano_ItemNr(238)_SetNr(021)_WiT_Level(-15)_Complexity(3)_Time(122)_SongNr(12).wav
p_item238_set021_wit_lvl-5_comp3_t122_song12,1,p_item238_set021_wit_lvl-5_comp3_t122_song12.wav,21,-5,Piano,3,yes,23,122,12,238,no,Piano_ItemNr(238)_SetNr(021)_WiT_Level(-15)_Complexity(3)_Time(122)_SongNr(12).wav
p_item238_set021_wit_lvl0_comp3_t122_song12,1,p_item238_set021_wit_lvl0_comp3_t122_song12.wav,21,0,Piano,3,yes,11,122,12,238,no,Piano_ItemNr(238)_SetNr(021)_WiT_Level(-15)_Complexity(3)_Time(122)_SongNr(12).wav
p_item3775_set480_wit_lvl-15_comp3_t122_song104,1,p_item3775_set480_wit_lvl-15_comp3_t122_song104.wav,480,-15,Piano,3,yes,35,122,104,3775,no,Piano_ItemNr(3775)_SetNr(480)_WiT_Level(-15)_Complexity(3)_Time(122)_SongNr(104).wav
p_item3775_set480_wit_lvl-10_comp3_t122_song104,1,p_item3775_set480_wit_lvl-10_comp3_t122_song104.wav,480,-10,Piano,3,yes,27,122,104,3775,no,Piano_ItemNr(3775)_SetNr(480)_WiT_Level(-15)_Complexity(3)_Time(122)_SongNr(104).wav
p_item3775_set480_wit_lvl-5_comp3_t122_song104,1,p_item3775_set480_wit_lvl-5_comp3_t122_song104.wav,480,-5,Piano,3,yes,23,122,104,3775,no,Piano_ItemNr(3775)_SetNr(480)_WiT_Level(-15)_Complexity(3)_Time(122)_SongNr(104).wav
p_item3775_set480_wit_lvl0_comp3_t122_song104,1,p_item3775_set480_wit_lvl0_comp3_t122_song104.wav,480,0,Piano,3,yes,11,122,104,3775,no,Piano_ItemNr(3775)_SetNr(480)_WiT_Level(-15)_Complexity(3)_Time(122)_SongNr(104).wav
p_item3487_set440_wit_lvl-15_comp3_t242_song13,1,p_item3487_set440_wit_lvl-15_comp3_t242_song13.wav,440,-15,Piano,3,yes,35,242,13,3487,no,Piano_ItemNr(3487)_SetNr(440)_WiT_Level(-15)_Complexity(3)_Time(242)_SongNr(13).wav
p_item3487_set440_wit_lvl-10_comp3_t242_song13,1,p_item3487_set440_wit_lvl-10_comp3_t242_song13.wav,440,-10,Piano,3,yes,27,242,13,3487,no,Piano_ItemNr(3487)_SetNr(440)_WiT_Level(-15)_Complexity(3)_Time(242)_SongNr(13).wav
p_item3487_set440_wit_lvl-5_comp3_t242_song13,1,p_item3487_set440_wit_lvl-5_comp3_t242_song13.wav,440,-5,Piano,3,yes,23,242,13,3487,no,Piano_ItemNr(3487)_SetNr(440)_WiT_Level(-15)_Complexity(3)_Time(242)_SongNr(13).wav
p_item3487_set440_wit_lvl0_comp3_t242_song13,1,p_item3487_set440_wit_lvl0_comp3_t242_song13.wav,440,0,Piano,3,yes,11,242,13,3487,no,Piano_ItemNr(3487)_SetNr(440)_WiT_Level(-15)_Complexity(3)_Time(242)_SongNr(13).wav
b_item1770_set770_wit_lvl-15_comp6_t74_song53,1,b_item1770_set770_wit_lvl-15_comp6_t74_song53.wav,770,-15,Bass,6,yes,40,74,53,1770,no,Bass_ItemNr(1770)_SetNr(770)_WiT_Level(-15)_Complexity(6)_Time(74)_SongNr(53).wav
b_item1770_set770_wit_lvl-10_comp6_t74_song53,1,b_item1770_set770_wit_lvl-10_comp6_t74_song53.wav,770,-10,Bass,6,yes,32,74,53,1770,no,Bass_ItemNr(1770)_SetNr(770)_WiT_Level(-15)_Complexity(6)_Time(74)_SongNr(53).wav
b_item1770_set770_wit_lvl-5_comp6_t74_song53,1,b_item1770_set770_wit_lvl-5_comp6_t74_song53.wav,770,-5,Bass,6,yes,20,74,53,1770,no,Bass_ItemNr(1770)_SetNr(770)_WiT_Level(-15)_Complexity(6)_Time(74)_SongNr(53).wav
b_item1770_set770_wit_lvl0_comp6_t74_song53,1,b_item1770_set770_wit_lvl0_comp6_t74_song53.wav,770,0,Bass,6,yes,16,74,53,1770,no,Bass_ItemNr(1770)_SetNr(770)_WiT_Level(-15)_Complexity(6)_Time(74)_SongNr(53).wav
b_item3589_set1138_wit_lvl-15_comp6_t82_song1,1,b_item3589_set1138_wit_lvl-15_comp6_t82_song1.wav,1138,-15,Bass,6,yes,40,82,1,3589,no,Bass_ItemNr(3589)_SetNr(1138)_WiT_Level(-15)_Complexity(6)_Time(82)_SongNr(1).wav
b_item3589_set1138_wit_lvl-10_comp6_t82_song1,1,b_item3589_set1138_wit_lvl-10_comp6_t82_song1.wav,1138,-10,Bass,6,yes,32,82,1,3589,no,Bass_ItemNr(3589)_SetNr(1138)_WiT_Level(-15)_Complexity(6)_Time(82)_SongNr(1).wav
b_item3589_set1138_wit_lvl-5_comp6_t82_song1,1,b_item3589_set1138_wit_lvl-5_comp6_t82_song1.wav,1138,-5,Bass,6,yes,20,82,1,3589,no,Bass_ItemNr(3589)_SetNr(1138)_WiT_Level(-15)_Complexity(6)_Time(82)_SongNr(1).wav
b_item3589_set1138_wit_lvl0_comp6_t82_song1,1,b_item3589_set1138_wit_lvl0_comp6_t82_song1.wav,1138,0,Bass,6,yes,16,82,1,3589,no,Bass_ItemNr(3589)_SetNr(1138)_WiT_Level(-15)_Complexity(6)_Time(82)_SongNr(1).wav
b_item1365_set596_wit_lvl-15_comp6_t132_song111,1,b_item1365_set596_wit_lvl-15_comp6_t132_song111.wav,596,-15,Bass,6,yes,40,132,111,1365,no,Bass_ItemNr(1365)_SetNr(596)_WiT_Level(-15)_Complexity(6)_Time(132)_SongNr(111).wav
b_item1365_set596_wit_lvl-10_comp6_t132_song111,1,b_item1365_set596_wit_lvl-10_comp6_t132_song111.wav,596,-10,Bass,6,yes,32,132,111,1365,no,Bass_ItemNr(1365)_SetNr(596)_WiT_Level(-15)_Complexity(6)_Time(132)_SongNr(111).wav
b_item1365_set596_wit_lvl-5_comp6_t132_song111,1,b_item1365_set596_wit_lvl-5_comp6_t132_song111.wav,596,-5,Bass,6,yes,20,132,111,1365,no,Bass_ItemNr(1365)_SetNr(596)_WiT_Level(-15)_Complexity(6)_Time(132)_SongNr(111).wav
b_item1365_set596_wit_lvl0_comp6_t132_song111,1,b_item1365_set596_wit_lvl0_comp6_t132_song111.wav,596,0,Bass,6,yes,16,132,111,1365,no,Bass_ItemNr(1365)_SetNr(596)_WiT_Level(-15)_Complexity(6)_Time(132)_SongNr(111).wav
b_item961_set424_wit_lvl-15_comp6_t136_song34,1,b_item961_set424_wit_lvl-15_comp6_t136_song34.wav,424,-15,Bass,6,yes,40,136,34,961,no,Bass_ItemNr(961)_SetNr(424)_WiT_Level(-15)_Complexity(6)_Time(136)_SongNr(34).wav
b_item961_set424_wit_lvl-10_comp6_t136_song34,1,b_item961_set424_wit_lvl-10_comp6_t136_song34.wav,424,-10,Bass,6,yes,32,136,34,961,no,Bass_ItemNr(961)_SetNr(424)_WiT_Level(-15)_Complexity(6)_Time(136)_SongNr(34).wav
b_item961_set424_wit_lvl-5_comp6_t136_song34,1,b_item961_set424_wit_lvl-5_comp6_t136_song34.wav,424,-5,Bass,6,yes,20,136,34,961,no,Bass_ItemNr(961)_SetNr(424)_WiT_Level(-15)_Complexity(6)_Time(136)_SongNr(34).wav
b_item961_set424_wit_lvl0_comp6_t136_song34,1,b_item961_set424_wit_lvl0_comp6_t136_song34.wav,424,0,Bass,6,yes,16,136,34,961,no,Bass_ItemNr(961)_SetNr(424)_WiT_Level(-15)_Complexity(6)_Time(136)_SongNr(34).wav
b_item2934_set1004_wit_lvl-15_comp6_t138_song49,1,b_item2934_set1004_wit_lvl-15_comp6_t138_song49.wav,1004,-15,Bass,6,yes,40,138,49,2934,no,Bass_ItemNr(2934)_SetNr(1004)_WiT_Level(-15)_Complexity(6)_Time(138)_SongNr(49).wav
b_item2934_set1004_wit_lvl-10_comp6_t138_song49,1,b_item2934_set1004_wit_lvl-10_comp6_t138_song49.wav,1004,-10,Bass,6,yes,32,138,49,2934,no,Bass_ItemNr(2934)_SetNr(1004)_WiT_Level(-15)_Complexity(6)_Time(138)_SongNr(49).wav
b_item2934_set1004_wit_lvl-5_comp6_t138_song49,1,b_item2934_set1004_wit_lvl-5_comp6_t138_song49.wav,1004,-5,Bass,6,yes,20,138,49,2934,no,Bass_ItemNr(2934)_SetNr(1004)_WiT_Level(-15)_Complexity(6)_Time(138)_SongNr(49).wav
b_item2934_set1004_wit_lvl0_comp6_t138_song49,1,b_item2934_set1004_wit_lvl0_comp6_t138_song49.wav,1004,0,Bass,6,yes,16,138,49,2934,no,Bass_ItemNr(2934)_SetNr(1004)_WiT_Level(-15)_Complexity(6)_Time(138)_SongNr(49).wav
b_item368_set154_wit_lvl-15_comp6_t170_song21,1,b_item368_set154_wit_lvl-15_comp6_t170_song21.wav,154,-15,Bass,6,yes,40,170,21,368,no,Bass_ItemNr(368)_SetNr(154)_WiT_Level(-15)_Complexity(6)_Time(170)_SongNr(21).wav
b_item368_set154_wit_lvl-10_comp6_t170_song21,1,b_item368_set154_wit_lvl-10_comp6_t170_song21.wav,154,-10,Bass,6,yes,32,170,21,368,no,Bass_ItemNr(368)_SetNr(154)_WiT_Level(-15)_Complexity(6)_Time(170)_SongNr(21).wav
b_item368_set154_wit_lvl-5_comp6_t170_song21,1,b_item368_set154_wit_lvl-5_comp6_t170_song21.wav,154,-5,Bass,6,yes,20,170,21,368,no,Bass_ItemNr(368)_SetNr(154)_WiT_Level(-15)_Complexity(6)_Time(170)_SongNr(21).wav
b_item368_set154_wit_lvl0_comp6_t170_song21,1,b_item368_set154_wit_lvl0_comp6_t170_song21.wav,154,0,Bass,6,yes,16,170,21,368,no,Bass_ItemNr(368)_SetNr(154)_WiT_Level(-15)_Complexity(6)_Time(170)_SongNr(21).wav
b_item3241_set1062_wit_lvl-15_comp6_t174_song35,1,b_item3241_set1062_wit_lvl-15_comp6_t174_song35.wav,1062,-15,Bass,6,yes,40,174,35,3241,no,Bass_ItemNr(3241)_SetNr(1062)_WiT_Level(-15)_Complexity(6)_Time(174)_SongNr(35).wav
b_item3241_set1062_wit_lvl-10_comp6_t174_song35,1,b_item3241_set1062_wit_lvl-10_comp6_t174_song35.wav,1062,-10,Bass,6,yes,32,174,35,3241,no,Bass_ItemNr(3241)_SetNr(1062)_WiT_Level(-15)_Complexity(6)_Time(174)_SongNr(35).wav
b_item3241_set1062_wit_lvl-5_comp6_t174_song35,1,b_item3241_set1062_wit_lvl-5_comp6_t174_song35.wav,1062,-5,Bass,6,yes,20,174,35,3241,no,Bass_ItemNr(3241)_SetNr(1062)_WiT_Level(-15)_Complexity(6)_Time(174)_SongNr(35).wav
b_item3241_set1062_wit_lvl0_comp6_t174_song35,1,b_item3241_set1062_wit_lvl0_comp6_t174_song35.wav,1062,0,Bass,6,yes,16,174,35,3241,no,Bass_ItemNr(3241)_SetNr(1062)_WiT_Level(-15)_Complexity(6)_Time(174)_SongNr(35).wav
b_item2486_set961_wit_lvl-15_comp6_t180_song37,1,b_item2486_set961_wit_lvl-15_comp6_t180_song37.wav,961,-15,Bass,6,yes,40,180,37,2486,no,Bass_ItemNr(2486)_SetNr(961)_WiT_Level(-15)_Complexity(6)_Time(180)_SongNr(37).wav
b_item2486_set961_wit_lvl-10_comp6_t180_song37,1,b_item2486_set961_wit_lvl-10_comp6_t180_song37.wav,961,-10,Bass,6,yes,32,180,37,2486,no,Bass_ItemNr(2486)_SetNr(961)_WiT_Level(-15)_Complexity(6)_Time(180)_SongNr(37).wav
b_item2486_set961_wit_lvl-5_comp6_t180_song37,1,b_item2486_set961_wit_lvl-5_comp6_t180_song37.wav,961,-5,Bass,6,yes,20,180,37,2486,no,Bass_ItemNr(2486)_SetNr(961)_WiT_Level(-15)_Complexity(6)_Time(180)_SongNr(37).wav
b_item2486_set961_wit_lvl0_comp6_t180_song37,1,b_item2486_set961_wit_lvl0_comp6_t180_song37.wav,961,0,Bass,6,yes,16,180,37,2486,no,Bass_ItemNr(2486)_SetNr(961)_WiT_Level(-15)_Complexity(6)_Time(180)_SongNr(37).wav
b_item3683_set1169_wit_lvl-15_comp6_t210_song84,1,b_item3683_set1169_wit_lvl-15_comp6_t210_song84.wav,1169,-15,Bass,6,yes,40,210,84,3683,no,Bass_ItemNr(3683)_SetNr(1169)_WiT_Level(-15)_Complexity(6)_Time(210)_SongNr(84).wav
b_item3683_set1169_wit_lvl-10_comp6_t210_song84,1,b_item3683_set1169_wit_lvl-10_comp6_t210_song84.wav,1169,-10,Bass,6,yes,32,210,84,3683,no,Bass_ItemNr(3683)_SetNr(1169)_WiT_Level(-15)_Complexity(6)_Time(210)_SongNr(84).wav
b_item3683_set1169_wit_lvl-5_comp6_t210_song84,1,b_item3683_set1169_wit_lvl-5_comp6_t210_song84.wav,1169,-5,Bass,6,yes,20,210,84,3683,no,Bass_ItemNr(3683)_SetNr(1169)_WiT_Level(-15)_Complexity(6)_Time(210)_SongNr(84).wav
b_item3683_set1169_wit_lvl0_comp6_t210_song84,1,b_item3683_set1169_wit_lvl0_comp6_t210_song84.wav,1169,0,Bass,6,yes,16,210,84,3683,no,Bass_ItemNr(3683)_SetNr(1169)_WiT_Level(-15)_Complexity(6)_Time(210)_SongNr(84).wav
b_item2972_set1012_wit_lvl-15_comp6_t212_song26,1,b_item2972_set1012_wit_lvl-15_comp6_t212_song26.wav,1012,-15,Bass,6,yes,40,212,26,2972,no,Bass_ItemNr(2972)_SetNr(1012)_WiT_Level(-15)_Complexity(6)_Time(212)_SongNr(26).wav
b_item2972_set1012_wit_lvl-10_comp6_t212_song26,1,b_item2972_set1012_wit_lvl-10_comp6_t212_song26.wav,1012,-10,Bass,6,yes,32,212,26,2972,no,Bass_ItemNr(2972)_SetNr(1012)_WiT_Level(-15)_Complexity(6)_Time(212)_SongNr(26).wav
b_item2972_set1012_wit_lvl-5_comp6_t212_song26,1,b_item2972_set1012_wit_lvl-5_comp6_t212_song26.wav,1012,-5,Bass,6,yes,20,212,26,2972,no,Bass_ItemNr(2972)_SetNr(1012)_WiT_Level(-15)_Complexity(6)_Time(212)_SongNr(26).wav
b_item2972_set1012_wit_lvl0_comp6_t212_song26,1,b_item2972_set1012_wit_lvl0_comp6_t212_song26.wav,1012,0,Bass,6,yes,16,212,26,2972,no,Bass_ItemNr(2972)_SetNr(1012)_WiT_Level(-15)_Complexity(6)_Time(212)_SongNr(26).wav
b_item358_set150_wit_lvl-15_comp3_t8_song79,1,b_item358_set150_wit_lvl-15_comp3_t8_song79.wav,150,-15,Bass,3,yes,36,8,79,358,no,Bass_ItemNr(358)_SetNr(150)_WiT_Level(-15)_Complexity(3)_Time(8)_SongNr(79).wav
b_item358_set150_wit_lvl-10_comp3_t8_song79,1,b_item358_set150_wit_lvl-10_comp3_t8_song79.wav,150,-10,Bass,3,yes,28,8,79,358,no,Bass_ItemNr(358)_SetNr(150)_WiT_Level(-15)_Complexity(3)_Time(8)_SongNr(79).wav
b_item358_set150_wit_lvl-5_comp3_t8_song79,1,b_item358_set150_wit_lvl-5_comp3_t8_song79.wav,150,-5,Bass,3,yes,24,8,79,358,no,Bass_ItemNr(358)_SetNr(150)_WiT_Level(-15)_Complexity(3)_Time(8)_SongNr(79).wav
b_item358_set150_wit_lvl0_comp3_t8_song79,1,b_item358_set150_wit_lvl0_comp3_t8_song79.wav,150,0,Bass,3,yes,12,8,79,358,no,Bass_ItemNr(358)_SetNr(150)_WiT_Level(-15)_Complexity(3)_Time(8)_SongNr(79).wav
b_item626_set268_wit_lvl-15_comp3_t10_song82,1,b_item626_set268_wit_lvl-15_comp3_t10_song82.wav,268,-15,Bass,3,yes,36,10,82,626,no,Bass_ItemNr(626)_SetNr(268)_WiT_Level(-15)_Complexity(3)_Time(10)_SongNr(82).wav
b_item626_set268_wit_lvl-10_comp3_t10_song82,1,b_item626_set268_wit_lvl-10_comp3_t10_song82.wav,268,-10,Bass,3,yes,28,10,82,626,no,Bass_ItemNr(626)_SetNr(268)_WiT_Level(-15)_Complexity(3)_Time(10)_SongNr(82).wav
b_item626_set268_wit_lvl-5_comp3_t10_song82,1,b_item626_set268_wit_lvl-5_comp3_t10_song82.wav,268,-5,Bass,3,yes,24,10,82,626,no,Bass_ItemNr(626)_SetNr(268)_WiT_Level(-15)_Complexity(3)_Time(10)_SongNr(82).wav
b_item626_set268_wit_lvl0_comp3_t10_song82,1,b_item626_set268_wit_lvl0_comp3_t10_song82.wav,268,0,Bass,3,yes,12,10,82,626,no,Bass_ItemNr(626)_SetNr(268)_WiT_Level(-15)_Complexity(3)_Time(10)_SongNr(82).wav
b_item2125_set895_wit_lvl-15_comp3_t16_song68,1,b_item2125_set895_wit_lvl-15_comp3_t16_song68.wav,895,-15,Bass,3,yes,36,16,68,2125,no,Bass_ItemNr(2125)_SetNr(895)_WiT_Level(-15)_Complexity(3)_Time(16)_SongNr(68).wav
b_item2125_set895_wit_lvl-10_comp3_t16_song68,1,b_item2125_set895_wit_lvl-10_comp3_t16_song68.wav,895,-10,Bass,3,yes,28,16,68,2125,no,Bass_ItemNr(2125)_SetNr(895)_WiT_Level(-15)_Complexity(3)_Time(16)_SongNr(68).wav
b_item2125_set895_wit_lvl-5_comp3_t16_song68,1,b_item2125_set895_wit_lvl-5_comp3_t16_song68.wav,895,-5,Bass,3,yes,24,16,68,2125,no,Bass_ItemNr(2125)_SetNr(895)_WiT_Level(-15)_Complexity(3)_Time(16)_SongNr(68).wav
b_item2125_set895_wit_lvl0_comp3_t16_song68,1,b_item2125_set895_wit_lvl0_comp3_t16_song68.wav,895,0,Bass,3,yes,12,16,68,2125,no,Bass_ItemNr(2125)_SetNr(895)_WiT_Level(-15)_Complexity(3)_Time(16)_SongNr(68).wav
b_item811_set364_wit_lvl-15_comp3_t18_song80,1,b_item811_set364_wit_lvl-15_comp3_t18_song80.wav,364,-15,Bass,3,yes,36,18,80,811,no,Bass_ItemNr(811)_SetNr(364)_WiT_Level(-15)_Complexity(3)_Time(18)_SongNr(80).wav
b_item811_set364_wit_lvl-10_comp3_t18_song80,1,b_item811_set364_wit_lvl-10_comp3_t18_song80.wav,364,-10,Bass,3,yes,28,18,80,811,no,Bass_ItemNr(811)_SetNr(364)_WiT_Level(-15)_Complexity(3)_Time(18)_SongNr(80).wav
b_item811_set364_wit_lvl-5_comp3_t18_song80,1,b_item811_set364_wit_lvl-5_comp3_t18_song80.wav,364,-5,Bass,3,yes,24,18,80,811,no,Bass_ItemNr(811)_SetNr(364)_WiT_Level(-15)_Complexity(3)_Time(18)_SongNr(80).wav
b_item811_set364_wit_lvl0_comp3_t18_song80,1,b_item811_set364_wit_lvl0_comp3_t18_song80.wav,364,0,Bass,3,yes,12,18,80,811,no,Bass_ItemNr(811)_SetNr(364)_WiT_Level(-15)_Complexity(3)_Time(18)_SongNr(80).wav
b_item959_set423_wit_lvl-15_comp3_t18_song117,1,b_item959_set423_wit_lvl-15_comp3_t18_song117.wav,423,-15,Bass,3,yes,36,18,117,959,no,Bass_ItemNr(959)_SetNr(423)_WiT_Level(-15)_Complexity(3)_Time(18)_SongNr(117).wav
b_item959_set423_wit_lvl-10_comp3_t18_song117,1,b_item959_set423_wit_lvl-10_comp3_t18_song117.wav,423,-10,Bass,3,yes,28,18,117,959,no,Bass_ItemNr(959)_SetNr(423)_WiT_Level(-15)_Complexity(3)_Time(18)_SongNr(117).wav
b_item959_set423_wit_lvl-5_comp3_t18_song117,1,b_item959_set423_wit_lvl-5_comp3_t18_song117.wav,423,-5,Bass,3,yes,24,18,117,959,no,Bass_ItemNr(959)_SetNr(423)_WiT_Level(-15)_Complexity(3)_Time(18)_SongNr(117).wav
b_item959_set423_wit_lvl0_comp3_t18_song117,1,b_item959_set423_wit_lvl0_comp3_t18_song117.wav,423,0,Bass,3,yes,12,18,117,959,no,Bass_ItemNr(959)_SetNr(423)_WiT_Level(-15)_Complexity(3)_Time(18)_SongNr(117).wav
b_item748_set332_wit_lvl-15_comp3_t98_song10,1,b_item748_set332_wit_lvl-15_comp3_t98_song10.wav,332,-15,Bass,3,yes,36,98,10,748,no,Bass_ItemNr(748)_SetNr(332)_WiT_Level(-15)_Complexity(3)_Time(98)_SongNr(10).wav
b_item748_set332_wit_lvl-10_comp3_t98_song10,1,b_item748_set332_wit_lvl-10_comp3_t98_song10.wav,332,-10,Bass,3,yes,28,98,10,748,no,Bass_ItemNr(748)_SetNr(332)_WiT_Level(-15)_Complexity(3)_Time(98)_SongNr(10).wav
b_item748_set332_wit_lvl-5_comp3_t98_song10,1,b_item748_set332_wit_lvl-5_comp3_t98_song10.wav,332,-5,Bass,3,yes,24,98,10,748,no,Bass_ItemNr(748)_SetNr(332)_WiT_Level(-15)_Complexity(3)_Time(98)_SongNr(10).wav
b_item748_set332_wit_lvl0_comp3_t98_song10,1,b_item748_set332_wit_lvl0_comp3_t98_song10.wav,332,0,Bass,3,yes,12,98,10,748,no,Bass_ItemNr(748)_SetNr(332)_WiT_Level(-15)_Complexity(3)_Time(98)_SongNr(10).wav
b_item333_set137_wit_lvl-15_comp3_t148_song100,1,b_item333_set137_wit_lvl-15_comp3_t148_song100.wav,137,-15,Bass,3,yes,36,148,100,333,no,Bass_ItemNr(333)_SetNr(137)_WiT_Level(-15)_Complexity(3)_Time(148)_SongNr(100).wav
b_item333_set137_wit_lvl-10_comp3_t148_song100,1,b_item333_set137_wit_lvl-10_comp3_t148_song100.wav,137,-10,Bass,3,yes,28,148,100,333,no,Bass_ItemNr(333)_SetNr(137)_WiT_Level(-15)_Complexity(3)_Time(148)_SongNr(100).wav
b_item333_set137_wit_lvl-5_comp3_t148_song100,1,b_item333_set137_wit_lvl-5_comp3_t148_song100.wav,137,-5,Bass,3,yes,24,148,100,333,no,Bass_ItemNr(333)_SetNr(137)_WiT_Level(-15)_Complexity(3)_Time(148)_SongNr(100).wav
b_item333_set137_wit_lvl0_comp3_t148_song100,1,b_item333_set137_wit_lvl0_comp3_t148_song100.wav,137,0,Bass,3,yes,12,148,100,333,no,Bass_ItemNr(333)_SetNr(137)_WiT_Level(-15)_Complexity(3)_Time(148)_SongNr(100).wav
b_item876_set387_wit_lvl-15_comp3_t234_song99,1,b_item876_set387_wit_lvl-15_comp3_t234_song99.wav,387,-15,Bass,3,yes,36,234,99,876,no,Bass_ItemNr(876)_SetNr(387)_WiT_Level(-15)_Complexity(3)_Time(234)_SongNr(99).wav
b_item876_set387_wit_lvl-10_comp3_t234_song99,1,b_item876_set387_wit_lvl-10_comp3_t234_song99.wav,387,-10,Bass,3,yes,28,234,99,876,no,Bass_ItemNr(876)_SetNr(387)_WiT_Level(-15)_Complexity(3)_Time(234)_SongNr(99).wav
b_item876_set387_wit_lvl-5_comp3_t234_song99,1,b_item876_set387_wit_lvl-5_comp3_t234_song99.wav,387,-5,Bass,3,yes,24,234,99,876,no,Bass_ItemNr(876)_SetNr(387)_WiT_Level(-15)_Complexity(3)_Time(234)_SongNr(99).wav
b_item876_set387_wit_lvl0_comp3_t234_song99,1,b_item876_set387_wit_lvl0_comp3_t234_song99.wav,387,0,Bass,3,yes,12,234,99,876,no,Bass_ItemNr(876)_SetNr(387)_WiT_Level(-15)_Complexity(3)_Time(234)_SongNr(99).wav
b_item1693_set741_wit_lvl-15_comp3_t350_song98,1,b_item1693_set741_wit_lvl-15_comp3_t350_song98.wav,741,-15,Bass,3,yes,36,350,98,1693,no,Bass_ItemNr(1693)_SetNr(741)_WiT_Level(-15)_Complexity(3)_Time(350)_SongNr(98).wav
b_item1693_set741_wit_lvl-10_comp3_t350_song98,1,b_item1693_set741_wit_lvl-10_comp3_t350_song98.wav,741,-10,Bass,3,yes,28,350,98,1693,no,Bass_ItemNr(1693)_SetNr(741)_WiT_Level(-15)_Complexity(3)_Time(350)_SongNr(98).wav
b_item1693_set741_wit_lvl-5_comp3_t350_song98,1,b_item1693_set741_wit_lvl-5_comp3_t350_song98.wav,741,-5,Bass,3,yes,24,350,98,1693,no,Bass_ItemNr(1693)_SetNr(741)_WiT_Level(-15)_Complexity(3)_Time(350)_SongNr(98).wav
b_item1693_set741_wit_lvl0_comp3_t350_song98,1,b_item1693_set741_wit_lvl0_comp3_t350_song98.wav,741,0,Bass,3,yes,12,350,98,1693,no,Bass_ItemNr(1693)_SetNr(741)_WiT_Level(-15)_Complexity(3)_Time(350)_SongNr(98).wav
b_item979_set434_wit_lvl-15_comp3_t690_song54,1,b_item979_set434_wit_lvl-15_comp3_t690_song54.wav,434,-15,Bass,3,yes,36,690,54,979,no,Bass_ItemNr(979)_SetNr(434)_WiT_Level(-15)_Complexity(3)_Time(690)_SongNr(54).wav
b_item979_set434_wit_lvl-10_comp3_t690_song54,1,b_item979_set434_wit_lvl-10_comp3_t690_song54.wav,434,-10,Bass,3,yes,28,690,54,979,no,Bass_ItemNr(979)_SetNr(434)_WiT_Level(-15)_Complexity(3)_Time(690)_SongNr(54).wav
b_item979_set434_wit_lvl-5_comp3_t690_song54,1,b_item979_set434_wit_lvl-5_comp3_t690_song54.wav,434,-5,Bass,3,yes,24,690,54,979,no,Bass_ItemNr(979)_SetNr(434)_WiT_Level(-15)_Complexity(3)_Time(690)_SongNr(54).wav
b_item979_set434_wit_lvl0_comp3_t690_song54,1,b_item979_set434_wit_lvl0_comp3_t690_song54.wav,434,0,Bass,3,yes,12,690,54,979,no,Bass_ItemNr(979)_SetNr(434)_WiT_Level(-15)_Complexity(3)_Time(690)_SongNr(54).wav
voc_item2500_set485_wot_lvl0_comp7_t82_song27,2,voc_item2500_set485_wot_lvl0_comp7_t82_song27.wav,485,0,Lead,6,no,5,82,27,2500,no,Lead_ItemNr(2500)_SetNr(485)_WoT_Level(0)_Complexity(7)_Time(82)_SongNr(27).wav
voc_item1235_set212_wot_lvl0_comp7_t110_song115,2,voc_item1235_set212_wot_lvl0_comp7_t110_song115.wav,212,0,Lead,6,no,5,110,115,1235,no,Lead_ItemNr(1235)_SetNr(212)_WoT_Level(0)_Complexity(7)_Time(110)_SongNr(115).wav
voc_item2568_set515_wot_lvl0_comp7_t142_song32,2,voc_item2568_set515_wot_lvl0_comp7_t142_song32.wav,515,0,Lead,6,no,5,142,32,2568,no,Lead_ItemNr(2568)_SetNr(515)_WoT_Level(0)_Complexity(7)_Time(142)_SongNr(32).wav
voc_item3455_set902_wot_lvl0_comp7_t142_song102,2,voc_item3455_set902_wot_lvl0_comp7_t142_song102.wav,902,0,Lead,6,no,5,142,102,3455,no,Lead_ItemNr(3455)_SetNr(902)_WoT_Level(0)_Complexity(7)_Time(142)_SongNr(102).wav
voc_item3644_set974_wot_lvl0_comp7_t168_song31,2,voc_item3644_set974_wot_lvl0_comp7_t168_song31.wav,974,0,Lead,6,no,5,168,31,3644,no,Lead_ItemNr(3644)_SetNr(974)_WoT_Level(0)_Complexity(7)_Time(168)_SongNr(31).wav
voc_item2456_set655_wot_lvl0_comp7_t174_song8,2,voc_item2456_set655_wot_lvl0_comp7_t174_song8.wav,655,0,Lead,6,no,5,174,8,2456,no,Lead_ItemNr(2456)_SetNr(655)_WoT_Level(0)_Complexity(7)_Time(174)_SongNr(8).wav
voc_item2601_set521_wot_lvl0_comp7_t198_song101,2,voc_item2601_set521_wot_lvl0_comp7_t198_song101.wav,521,0,Lead,6,no,5,198,101,2601,no,Lead_ItemNr(2601)_SetNr(521)_WoT_Level(0)_Complexity(7)_Time(198)_SongNr(101).wav
voc_item3199_set770_wot_lvl0_comp7_t214_song37,2,voc_item3199_set770_wot_lvl0_comp7_t214_song37.wav,770,0,Lead,6,no,5,214,37,3199,no,Lead_ItemNr(3199)_SetNr(770)_WoT_Level(0)_Complexity(7)_Time(214)_SongNr(37).wav
voc_item963_set170_wot_lvl0_comp7_t268_song4,2,voc_item963_set170_wot_lvl0_comp7_t268_song4.wav,170,0,Lead,6,no,5,268,4,963,no,Lead_ItemNr(963)_SetNr(170)_WoT_Level(0)_Complexity(7)_Time(268)_SongNr(4).wav
voc_Item2996_set683_wot_lvl0_comp7_t106_song7,2,voc_Item2996_set683_wot_lvl0_comp7_t106_song7.wav,683,0,Lead,6,no,5,106,7,2996,no,Lead_ItemNr(2996)_SetNr(683)_WoT_Level(0)_Complexity(7)_Time(106)_SongNr(7).wav
voc_item2006_set345_wot_lvl0_comp4_t4_song59,2,voc_item2006_set345_wot_lvl0_comp4_t4_song59.wav,345,0,Lead,3,no,1,4,59,2006,no,Lead_ItemNr(2006)_SetNr(345)_WoT_Level(0)_Complexity(4)_Time(4)_SongNr(59).wav
voc_item146_set026_wot_lvl0_comp4_t6_song65,2,voc_item146_set026_wot_lvl0_comp4_t6_song65.wav,26,0,Lead,3,no,1,6,65,146,no,Lead_ItemNr(146)_SetNr(026)_WoT_Level(0)_Complexity(4)_Time(6)_SongNr(65).wav
voc_item156_set029_wot_lvl0_comp4_t6_song62,2,voc_item156_set029_wot_lvl0_comp4_t6_song62.wav,29,0,Lead,3,no,1,6,62,156,no,Lead_ItemNr(156)_SetNr(029)_WoT_Level(0)_Complexity(4)_Time(6)_SongNr(62).wav
voc_item1383_set232_wot_lvl0_comp4_t16_song75,2,voc_item1383_set232_wot_lvl0_comp4_t16_song75.wav,232,0,Lead,3,no,1,16,75,1383,no,Lead_ItemNr(1383)_SetNr(232)_WoT_Level(0)_Complexity(4)_Time(16)_SongNr(75).wav
voc_item3038_set696_wot_lvl0_comp4_t20_song57,2,voc_item3038_set696_wot_lvl0_comp4_t20_song57.wav,696,0,Lead,3,no,1,20,57,3038,no,Lead_ItemNr(3038)_SetNr(696)_WoT_Level(0)_Complexity(4)_Time(20)_SongNr(57).wav
voc_item2763_set588_wot_lvl0_comp4_t54_song2,2,voc_item2763_set588_wot_lvl0_comp4_t54_song2.wav,588,0,Lead,3,no,1,54,2,2763,no,Lead_ItemNr(2763)_SetNr(588)_WoT_Level(0)_Complexity(4)_Time(54)_SongNr(2).wav
voc_item9_set003_wot_lvl0_comp4_t68_song85,2,voc_item9_set003_wot_lvl0_comp4_t68_song85.wav,3,0,Lead,3,no,1,68,85,9,no,Lead_ItemNr(9)_SetNr(003)_WoT_Level(0)_Complexity(4)_Time(68)_SongNr(85).wav
voc_item2658_set544_wot_lvl0_comp4_t68_song56,2,voc_item2658_set544_wot_lvl0_comp4_t68_song56.wav,544,0,Lead,3,no,1,68,56,2658,no,Lead_ItemNr(2658)_SetNr(544)_WoT_Level(0)_Complexity(4)_Time(68)_SongNr(56).wav
voc_item1136_set195_wot_lvl0_comp4_t92_song34,2,voc_item1136_set195_wot_lvl0_comp4_t92_song34.wav,195,0,Lead,3,no,1,92,34,1136,no,Lead_ItemNr(1136)_SetNr(195)_WoT_Level(0)_Complexity(4)_Time(92)_SongNr(34).wav
voc_item2713_set565_wot_lvl0_comp4_t134_song95,2,voc_item2713_set565_wot_lvl0_comp4_t134_song95.wav,565,0,Lead,3,no,1,134,95,2713,no,Lead_ItemNr(2713)_SetNr(565)_WoT_Level(0)_Complexity(4)_Time(134)_SongNr(95).wav
git_item2882_set945_wot_lvl0_comp7_t130_song32,2,git_item2882_set945_wot_lvl0_comp7_t130_song32.wav,945,0,Guitar,6,no,6,130,32,2882,no,Guitar_ItemNr(2882)_SetNr(945)_WoT_Level(0)_Complexity(7)_Time(130)_SongNr(32).wav
git_item2284_set715_wot_lvl0_comp7_t152_song26,2,git_item2284_set715_wot_lvl0_comp7_t152_song26.wav,715,0,Guitar,6,no,6,152,26,2284,no,Guitar_ItemNr(2284)_SetNr(715)_WoT_Level(0)_Complexity(7)_Time(152)_SongNr(26).wav
git_item3791_set1078_wot_lvl0_comp7_t166_song31,2,git_item3791_set1078_wot_lvl0_comp7_t166_song31.wav,1078,0,Guitar,6,no,6,166,31,3791,no,Guitar_ItemNr(3791)_SetNr(1078)_WoT_Level(0)_Complexity(7)_Time(166)_SongNr(31).wav
git_item1057_set317_wot_lvl0_comp7_t176_song7,2,git_item1057_set317_wot_lvl0_comp7_t176_song7.wav,317,0,Guitar,6,no,6,176,7,1057,no,Guitar_ItemNr(1057)_SetNr(317)_WoT_Level(0)_Complexity(7)_Time(176)_SongNr(7).wav
git_item2403_set767_wot_lvl0_comp7_t184_song8,2,git_item2403_set767_wot_lvl0_comp7_t184_song8.wav,767,0,Guitar,6,no,6,184,8,2403,no,Guitar_ItemNr(2403)_SetNr(767)_WoT_Level(0)_Complexity(7)_Time(184)_SongNr(8).wav
git_item3763_set1074_wot_lvl0_comp7_t198_song27,2,git_item3763_set1074_wot_lvl0_comp7_t198_song27.wav,1074,0,Guitar,6,no,6,198,27,3763,no,Guitar_ItemNr(3763)_SetNr(1074)_WoT_Level(0)_Complexity(7)_Time(198)_SongNr(27).wav
git_item2405_set769_wot_lvl0_comp7_t200_song13,2,git_item2405_set769_wot_lvl0_comp7_t200_song13.wav,769,0,Guitar,6,no,6,200,13,2405,no,Guitar_ItemNr(2405)_SetNr(769)_WoT_Level(0)_Complexity(7)_Time(200)_SongNr(13).wav
git_item3842_set1090_wot_lvl0_comp7_t274_song14,2,git_item3842_set1090_wot_lvl0_comp7_t274_song14.wav,1090,0,Guitar,6,no,6,274,14,3842,no,Guitar_ItemNr(3842)_SetNr(1090)_WoT_Level(0)_Complexity(7)_Time(274)_SongNr(14).wav
git_item1167_set351_wot_lvl0_comp7_t280_song4,2,git_item1167_set351_wot_lvl0_comp7_t280_song4.wav,351,0,Guitar,6,no,6,280,4,1167,no,Guitar_ItemNr(1167)_SetNr(351)_WoT_Level(0)_Complexity(7)_Time(280)_SongNr(4).wav
git_item3323_set1000_wot_lvl0_comp7_t430_song5,2,git_item3323_set1000_wot_lvl0_comp7_t430_song5.wav,1000,0,Guitar,6,no,6,430,5,3323,no,Guitar_ItemNr(3323)_SetNr(1000)_WoT_Level(0)_Complexity(7)_Time(430)_SongNr(5).wav
git_item665_set208_wot_lvl0_comp4_t4_song76,2,git_item665_set208_wot_lvl0_comp4_t4_song76.wav,208,0,Guitar,3,no,2,4,76,665,no,Guitar_ItemNr(665)_SetNr(208)_WoT_Level(0)_Complexity(4)_Time(4)_SongNr(76).wav
git_item568_set183_wot_lvl0_comp4_t6_song77,2,git_item568_set183_wot_lvl0_comp4_t6_song77.wav,183,0,Guitar,3,no,2,6,77,568,no,Guitar_ItemNr(568)_SetNr(183)_WoT_Level(0)_Complexity(4)_Time(6)_SongNr(77).wav
git_item808_set246_wot_lvl0_comp4_t6_song72,2,git_item808_set246_wot_lvl0_comp4_t6_song72.wav,246,0,Guitar,3,no,2,6,72,808,no,Guitar_ItemNr(808)_SetNr(246)_WoT_Level(0)_Complexity(4)_Time(6)_SongNr(72).wav
git_item1263_set382_wot_lvl0_comp4_t6_song78,2,git_item1263_set382_wot_lvl0_comp4_t6_song78.wav,382,0,Guitar,3,no,2,6,78,1263,no,Guitar_ItemNr(1263)_SetNr(382)_WoT_Level(0)_Complexity(4)_Time(6)_SongNr(78).wav
git_item100_set028_wot_lvl0_comp4_t12_song96,2,git_item100_set028_wot_lvl0_comp4_t12_song96.wav,28,0,Guitar,3,no,2,12,96,100,no,Guitar_ItemNr(100)_SetNr(028)_WoT_Level(0)_Complexity(4)_Time(12)_SongNr(96).wav
git_item1514_set462_wot_lvl0_comp4_t14_song71,2,git_item1514_set462_wot_lvl0_comp4_t14_song71.wav,462,0,Guitar,3,no,2,14,71,1514,no,Guitar_ItemNr(1514)_SetNr(462)_WoT_Level(0)_Complexity(4)_Time(14)_SongNr(71).wav
git_item2420_set778_wot_lvl0_comp4_t50_song109,2,git_item2420_set778_wot_lvl0_comp4_t50_song109.wav,778,0,Guitar,3,no,2,50,109,2420,no,Guitar_ItemNr(2420)_SetNr(778)_WoT_Level(0)_Complexity(4)_Time(50)_SongNr(109).wav
git_item1268_set384_wot_lvl0_comp4_t74_song24,2,git_item1268_set384_wot_lvl0_comp4_t74_song24.wav,384,0,Guitar,3,no,2,74,24,1268,no,Guitar_ItemNr(1268)_SetNr(384)_WoT_Level(0)_Complexity(4)_Time(74)_SongNr(24).wav
git_item656_set205_wot_lvl0_comp4_t158_song108,2,git_item656_set205_wot_lvl0_comp4_t158_song108.wav,205,0,Guitar,3,no,2,158,108,656,no,Guitar_ItemNr(656)_SetNr(205)_WoT_Level(0)_Complexity(4)_Time(158)_SongNr(108).wav
git_item1531_set467_wot_lvl0_comp4_t186_song58,2,git_item1531_set467_wot_lvl0_comp4_t186_song58.wav,467,0,Guitar,3,no,2,186,58,1531,no,Guitar_ItemNr(1531)_SetNr(467)_WoT_Level(0)_Complexity(4)_Time(186)_SongNr(58).wav
p_item3189_set389_wot_lvl0_comp7_t90_song13,2,p_item3189_set389_wot_lvl0_comp7_t90_song13.wav,389,0,Piano,6,no,7,90,13,3189,no,Piano_ItemNr(3189)_SetNr(389)_WoT_Level(0)_Complexity(7)_Time(90)_SongNr(13).wav
p_item2885_set313_wot_lvl0_comp7_t104_song83,2,p_item2885_set313_wot_lvl0_comp7_t104_song83.wav,313,0,Piano,6,no,7,104,83,2885,no,Piano_ItemNr(2885)_SetNr(313)_WoT_Level(0)_Complexity(7)_Time(104)_SongNr(83).wav
p_item2163_set206_wot_lvl0_comp7_t134_song19,2,p_item2163_set206_wot_lvl0_comp7_t134_song19.wav,206,0,Piano,6,no,7,134,19,2163,no,Piano_ItemNr(2163)_SetNr(206)_WoT_Level(0)_Complexity(7)_Time(134)_SongNr(19).wav
p_item2864_set310_wot_lvl0_comp7_t168_song7,2,p_item2864_set310_wot_lvl0_comp7_t168_song7.wav,310,0,Piano,6,no,7,168,7,2864,no,Piano_ItemNr(2864)_SetNr(310)_WoT_Level(0)_Complexity(7)_Time(168)_SongNr(7).wav
p_item1573_set145_wot_lvl0_comp7_t198_song103,2,p_item1573_set145_wot_lvl0_comp7_t198_song103.wav,145,0,Piano,6,no,7,198,103,1573,no,Piano_ItemNr(1573)_SetNr(145)_WoT_Level(0)_Complexity(7)_Time(198)_SongNr(103).wav
p_item2889_set314_wot_lvl0_comp7_t214_song13,2,p_item2889_set314_wot_lvl0_comp7_t214_song13.wav,314,0,Piano,6,no,7,214,13,2889,no,Piano_ItemNr(2889)_SetNr(314)_WoT_Level(0)_Complexity(7)_Time(214)_SongNr(13).wav
p_item3423_set428_wot_lvl0_comp7_t226_song97,2,p_item3423_set428_wot_lvl0_comp7_t226_song97.wav,428,0,Piano,6,no,7,226,97,3423,no,Piano_ItemNr(3423)_SetNr(428)_WoT_Level(0)_Complexity(7)_Time(226)_SongNr(97).wav
p_item3062_set354_wot_lvl0_comp7_t228_song104,2,p_item3062_set354_wot_lvl0_comp7_t228_song104.wav,354,0,Piano,6,no,7,228,104,3062,no,Piano_ItemNr(3062)_SetNr(354)_WoT_Level(0)_Complexity(7)_Time(228)_SongNr(104).wav
p_item1231_set109_wot_lvl0_comp7_t250_song97,2,p_item1231_set109_wot_lvl0_comp7_t250_song97.wav,109,0,Piano,6,no,7,250,97,1231,no,Piano_ItemNr(1231)_SetNr(109)_WoT_Level(0)_Complexity(7)_Time(250)_SongNr(97).wav
p_item3100_set362_wot_lvl0_comp7_t272_song102,2,p_item3100_set362_wot_lvl0_comp7_t272_song102.wav,362,0,Piano,6,no,7,272,102,3100,no,Piano_ItemNr(3100)_SetNr(362)_WoT_Level(0)_Complexity(7)_Time(272)_SongNr(102).wav
p_item2919_set322_wot_lvl0_comp4_t26_song61,2,p_item2919_set322_wot_lvl0_comp4_t26_song61.wav,322,0,Piano,3,no,3,26,61,2919,no,Piano_ItemNr(2919)_SetNr(322)_WoT_Level(0)_Complexity(4)_Time(26)_SongNr(61).wav
p_item2138_set204_wot_lvl0_comp4_t60_song23,2,p_item2138_set204_wot_lvl0_comp4_t60_song23.wav,204,0,Piano,3,no,3,60,23,2138,no,Piano_ItemNr(2138)_SetNr(204)_WoT_Level(0)_Complexity(4)_Time(60)_SongNr(23).wav
p_item2818_set302_wot_lvl0_comp4_t66_song81,2,p_item2818_set302_wot_lvl0_comp4_t66_song81.wav,302,0,Piano,3,no,3,66,81,2818,no,Piano_ItemNr(2818)_SetNr(302)_WoT_Level(0)_Complexity(4)_Time(66)_SongNr(81).wav
p_item346_set031_wot_lvl0_comp4_t88_song20,2,p_item346_set031_wot_lvl0_comp4_t88_song20.wav,31,0,Piano,3,no,3,88,20,346,no,Piano_ItemNr(346)_SetNr(031)_WoT_Level(0)_Complexity(4)_Time(88)_SongNr(20).wav
p_item909_set074_wot_lvl0_comp4_t90_song63,2,p_item909_set074_wot_lvl0_comp4_t90_song63.wav,74,0,Piano,3,no,3,90,63,909,no,Piano_ItemNr(909)_SetNr(074)_WoT_Level(0)_Complexity(4)_Time(90)_SongNr(63).wav
p_item2516_set248_wot_lvl0_comp4_t100_song93,2,p_item2516_set248_wot_lvl0_comp4_t100_song93.wav,248,0,Piano,3,no,3,100,93,2516,no,Piano_ItemNr(2516)_SetNr(248)_WoT_Level(0)_Complexity(4)_Time(100)_SongNr(93).wav
p_item3787_set481_wot_lvl0_comp4_t100_song40,2,p_item3787_set481_wot_lvl0_comp4_t100_song40.wav,481,0,Piano,3,no,3,100,40,3787,no,Piano_ItemNr(3787)_SetNr(481)_WoT_Level(0)_Complexity(4)_Time(100)_SongNr(40).wav
p_item3147_set380_wot_lvl0_comp4_t124_song57,2,p_item3147_set380_wot_lvl0_comp4_t124_song57.wav,380,0,Piano,3,no,3,124,57,3147,no,Piano_ItemNr(3147)_SetNr(380)_WoT_Level(0)_Complexity(4)_Time(124)_SongNr(57).wav
p_item3473_set436_wot_lvl0_comp4_t148_song35,2,p_item3473_set436_wot_lvl0_comp4_t148_song35.wav,436,0,Piano,3,no,3,148,35,3473,no,Piano_ItemNr(3473)_SetNr(436)_WoT_Level(0)_Complexity(4)_Time(148)_SongNr(35).wav
p_item3048_set353_wot_lvl0_comp4_t152_song2,2,p_item3048_set353_wot_lvl0_comp4_t152_song2.wav,353,0,Piano,3,no,3,152,2,3048,no,Piano_ItemNr(3048)_SetNr(353)_WoT_Level(0)_Complexity(4)_Time(152)_SongNr(2).wav
b_item2234_set922_wot_lvl0_comp7_t110_song83,2,b_item2234_set922_wot_lvl0_comp7_t110_song83.wav,922,0,Bass,6,no,8,110,83,2234,no,Bass_ItemNr(2234)_SetNr(922)_WoT_Level(0)_Complexity(7)_Time(110)_SongNr(83).wav
b_item3691_set1173_wot_lvl0_comp7_t130_song102,2,b_item3691_set1173_wot_lvl0_comp7_t130_song102.wav,1173,0,Bass,6,no,8,130,102,3691,no,Bass_ItemNr(3691)_SetNr(1173)_WoT_Level(0)_Complexity(7)_Time(130)_SongNr(102).wav
b_item337_set140_wot_lvl0_comp7_t138_song115,2,b_item337_set140_wot_lvl0_comp7_t138_song115.wav,140,0,Bass,6,no,8,138,115,337,no,Bass_ItemNr(337)_SetNr(140)_WoT_Level(0)_Complexity(7)_Time(138)_SongNr(115).wav
b_item3035_set1029_wot_lvl0_comp7_t166_song7,2,b_item3035_set1029_wot_lvl0_comp7_t166_song7.wav,1029,0,Bass,6,no,8,166,7,3035,no,Bass_ItemNr(3035)_SetNr(1029)_WoT_Level(0)_Complexity(7)_Time(166)_SongNr(7).wav
b_item3622_set1150_wot_lvl0_comp7_t182_song31,2,b_item3622_set1150_wot_lvl0_comp7_t182_song31.wav,1150,0,Bass,6,no,8,182,31,3622,no,Bass_ItemNr(3622)_SetNr(1150)_WoT_Level(0)_Complexity(7)_Time(182)_SongNr(31).wav
b_item3427_set1102_wot_lvl0_comp7_t216_song101,2,b_item3427_set1102_wot_lvl0_comp7_t216_song101.wav,1102,0,Bass,6,no,8,216,101,3427,no,Bass_ItemNr(3427)_SetNr(1102)_WoT_Level(0)_Complexity(7)_Time(216)_SongNr(101).wav
b_item395_set166_wot_lvl0_comp7_t224_song27,2,b_item395_set166_wot_lvl0_comp7_t224_song27.wav,166,0,Bass,6,no,8,224,27,395,no,Bass_ItemNr(395)_SetNr(166)_WoT_Level(0)_Complexity(7)_Time(224)_SongNr(27).wav
b_item3621_set1149_wot_lvl0_comp7_t232_song104,2,b_item3621_set1149_wot_lvl0_comp7_t232_song104.wav,1149,0,Bass,6,no,8,232,104,3621,no,Bass_ItemNr(3621)_SetNr(1149)_WoT_Level(0)_Complexity(7)_Time(232)_SongNr(104).wav
b_item1926_set833_wot_lvl0_comp7_t252_song97,2,b_item1926_set833_wot_lvl0_comp7_t252_song97.wav,833,0,Bass,6,no,8,252,97,1926,no,Bass_ItemNr(1926)_SetNr(833)_WoT_Level(0)_Complexity(7)_Time(252)_SongNr(97).wav
b_item3645_set1158_wot_lvl0_comp7_t306_song14,2,b_item3645_set1158_wot_lvl0_comp7_t306_song14.wav,1158,0,Bass,6,no,8,306,14,3645,no,Bass_ItemNr(3645)_SetNr(1158)_WoT_Level(0)_Complexity(7)_Time(306)_SongNr(14).wav
b_item1330_set580_wot_lvl0_comp4_t12_song60,2,b_item1330_set580_wot_lvl0_comp4_t12_song60.wav,580,0,Bass,3,no,4,12,60,1330,no,Bass_ItemNr(1330)_SetNr(580)_WoT_Level(0)_Complexity(4)_Time(12)_SongNr(60).wav
b_item371_set156_wot_lvl0_comp4_t16_song47,2,b_item371_set156_wot_lvl0_comp4_t16_song47.wav,156,0,Bass,3,no,4,16,47,371,no,Bass_ItemNr(371)_SetNr(156)_WoT_Level(0)_Complexity(4)_Time(16)_SongNr(47).wav
b_item415_set176_wot_lvl0_comp4_t32_song41,2,b_item415_set176_wot_lvl0_comp4_t32_song41.wav,176,0,Bass,3,no,4,32,41,415,no,Bass_ItemNr(415)_SetNr(176)_WoT_Level(0)_Complexity(4)_Time(32)_SongNr(41).wav
b_item1754_set765_wot_lvl0_comp4_t46_song17,2,b_item1754_set765_wot_lvl0_comp4_t46_song17.wav,765,0,Bass,3,no,4,46,17,1754,no,Bass_ItemNr(1754)_SetNr(765)_WoT_Level(0)_Complexity(4)_Time(46)_SongNr(17).wav
b_item282_set119_wot_lvl0_comp4_t52_song73,2,b_item282_set119_wot_lvl0_comp4_t52_song73.wav,119,0,Bass,3,no,4,52,73,282,no,Bass_ItemNr(282)_SetNr(119)_WoT_Level(0)_Complexity(4)_Time(52)_SongNr(73).wav
b_item1860_set811_wot_lvl0_comp4_t54_song74,2,b_item1860_set811_wot_lvl0_comp4_t54_song74.wav,811,0,Bass,3,no,4,54,74,1860,no,Bass_ItemNr(1860)_SetNr(811)_WoT_Level(0)_Complexity(4)_Time(54)_SongNr(74).wav
b_item1751_set764_wot_lvl0_comp4_t64_song66,2,b_item1751_set764_wot_lvl0_comp4_t64_song66.wav,764,0,Bass,3,no,4,64,66,1751,no,Bass_ItemNr(1751)_SetNr(764)_WoT_Level(0)_Complexity(4)_Time(64)_SongNr(66).wav
b_item70_set037_wot_lvl0_comp4_t70_song70,2,b_item70_set037_wot_lvl0_comp4_t70_song70.wav,37,0,Bass,3,no,4,70,70,70,no,Bass_ItemNr(70)_SetNr(037)_WoT_Level(0)_Complexity(4)_Time(70)_SongNr(70).wav
b_item149_set066_wot_lvl0_comp4_t82_song69,2,b_item149_set066_wot_lvl0_comp4_t82_song69.wav,66,0,Bass,3,no,4,82,69,149,no,Bass_ItemNr(149)_SetNr(066)_WoT_Level(0)_Complexity(4)_Time(82)_SongNr(69).wav
b_item1856_set809_wot_lvl0_comp4_t252_song25,2,b_item1856_set809_wot_lvl0_comp4_t252_song25.wav,809,0,Bass,3,no,4,252,25,1856,no,Bass_ItemNr(1856)_SetNr(809)_WoT_Level(0)_Complexity(4)_Time(252)_SongNr(25).wav
